,session_id,order_id,order_title
0,204,1,اعلام رسميت جلسه و قرائت دستور
1,204,2,تلاوت آياتي از قرآن مجيد
2,204,3,بيانات رئيس محترم مجلس شوراي اسلامي درخصوص خروج آمريكا از برجام
3,204,4,ارجاع طرح تشكيل وزارت ميراث فرهنگي، گردشگري و صنايع دستي به كميسيون مربوطه
4,204,5,ادامه رسيدگي به لايحه اصلاح قانون مبارزه با پولشويي
5,204,6,قرائت بيانيه نمايندگان مجلس شوراي اسلامي درخصوص الزام دولت به اجراي برنامه اقدام متناسب و متقابل با خروج آمريكا از برجام
6,204,7,ناطقين جلسه آقايان: احمد همتي، سيدجواد حسيني‌كيا، همايون يوسفي، عليرضا سليمي و فردين فرمند
7,204,8,تذكرات كتبي نمايندگان مجلس به مسئولان اجرايي كشور
8,204,9,تذكر آيين‌نامه‌اي و اخطار قانون اساسي نمايندگان مجلس شوراي اسلامي
9,204,10,اعلام ختم جلسه و تاريخ تشكيل جلسه آينده
10,300,1,اعلام رسميت جلسه و قرائت دستور
11,300,2,تلاوت آياتي از قرآن مجيد
12,300,3,بيانات رئيس محترم مجلس شوراي اسلامي به‌مناسبت شهادت امام هادي (عليه‌السلام) و حلول ماه پر فضيلت رجب
13,300,4,تصويب اصلاحات كميسيون درخصوص لايحه بودجه سال 1398 كل كشور (جهت تأمين نظر شوراي نگهبان)
14,300,5,انتخاب آقاي محمدمهدي افتخاري به عنوان ناظر در شوراي عالي هماهنگي ترافيك شهرهاي كشور
15,300,6,ادامه رسيدگي به طرح اصلاح موادي از قانون انتخابات مجلس شوراي اسلامي
16,300,7,ناطقان جلسه آقايان: علي قرباني، شهرام كوسه‌غراوي، احمد همتي، يحيي كمالي‌پور و سيدتقي كبيري
17,300,8,تذكرات كتبي نمايندگان به مسئولان اجرايي كشور
18,300,9,تذكرات شفاهي نمايندگان مجلس شوراي اسلامي
19,300,10,اعلام ختم جلسه و تاريخ تشكيل جلسه آينده
20,301,1,اعلام رسميت جلسه و قرائت دستور
21,301,2,تلاوت آياتي از قرآن مجيد
22,301,3,ادامه رسيدگي به طرح اصلاح موادي از قانون انتخابات مجلس شوراي اسلامي
23,301,4,اعلام وصول (4) فقره طرح
24,301,5,اعلام وصول (1) فقره سؤال
25,301,6,ناطقان جلسه آقايان: علي‌عسگر ظاهري‌عبده‌وند، عليم يارمحمدي، محمدمهدي زاهدي و خانم طيبه سياوشي‌شاه‌عنايتي
26,301,7,تذكرات كتبي نمايندگان مجلس به مسئولان اجرايي كشور
27,301,8,تذكرات شفاهي نمايندگان مجلس شوراي اسلامي
28,301,9,اعلام ختم جلسه و تاريخ تشكيل جلسه آينده
29,302,1,اعلام رسميت جلسه و قرائت دستور
30,302,2,تلاوت آياتي از قرآن مجيد
31,302,3,ادامه رسيدگي به طرح اصلاح موادي از قانون انتخابات مجلس شوراي اسلامي
32,302,4,تصويب طرح استفساريه جزء (6) بند «ث» ماده (88) قانون برنامه پنجساله ششم توسعه اقتصادي،‌ اجتماعي و فرهنگي جمهوري اسلامي ايران
33,302,5,بررسي لايحه تمديد مدت اجراي آزمايشي قانون ارتقاي سلامت نظام اداري و مقابله با فساد
34,302,6,اعلام وصول (1) فقره لايحه
35,302,7,تصويب اصلاحات كميسيون درخصوص لايحه بودجه سال 1398 كل كشور (جهت تأمين نظر شوراي نگهبان) و ارجاع بخشهايي از آن به مجمع تشخيص مصلحت نظام
36,302,8,قرائت بيانيه نمايندگان مجلس شوراي اسلامي درخصوص قدرداني از مقام معظم رهبري (مدظله‌العالي) جهت انتصاب آيت‌الله رئيسي به عنوان رياست قوه قضائيه
37,302,9,ناطقان جلسه آقايان: علي گلمرادي، حمدالله كريمي، عباس گودرزي، بيت‌اله عبدالهي و خانم سيده‌فاطمه ذوالقدر
38,302,10,اعلام وصول (3) فقره سؤال
39,302,11,گراميداشت روز شهدا توسط نايب‌رئيس مجلس شوراي اسلامي
40,302,12,تذكرات كتبي نمايندگان مجلس به مسئولان اجرايي كشور
41,302,13,اعلام ختم جلسه و تاريخ تشكيل جلسه آينده
42,303,1,اعلام رسميت جلسه و قرائت دستور
43,303,2,تلاوت آياتي از قرآن مجيد
44,303,3,تصويب لايحه تمديد مدت اجراي آزمايشي قانون ارتقاي سلامت نظام اداري و مقابله با فساد
45,303,4,تصويب لايحه دائمي شدن قانون مديريت خدمات كشوري
46,303,5,ادامه رسيدگي به طرح اصلاح موادي از قانون انتخابات مجلس شوراي اسلامي و ارجاع آن به كميسيون مربوطه
47,303,6,قرائت گزارش كميسيون كشاورزي، آب، منابع طبيعي و محيط‌زيست درمورد عدم اجراي قانون تضمين خريد محصولات اساسي كشاورزي و ارجاع آن به قوه قضائيه (در اجراي ماده 234 آيين‌نامه داخلي)
48,303,7,انتخاب آقايان: اصغر مسعودي و عليرضا سليمي به عنوان عضو شوراي تخصصي توسعه فرهنگ قرآني
49,303,8,ناطقان جلسه آقايان: روح‌الله حضرت‌پورطلاتپه، محسن علي‌جاني‌زماني، ابوالفضل حسن‌بيكي، علي اكبري و صديف بدري
50,303,9,تبريك رئيس محترم مجلس شوراي اسلامي به مناسبت ميلاد امام جواد (عليه‌السلام) و فرارسيدن سال جديد، تشكر از ملت و دولت عراق در استقبال از رئيس‌جمهور و تسليت به مناسبت حادثه تروريستي نيوزيلند
51,303,10,قرائت بيانيه نمايندگان مجلس شوراي اسلامي مبني‌بر محكوميت جنايت وحشيانه تروريستي در نيوزيلند
52,303,11,اعلام وصول (4) فقره سؤال
53,303,12,تذكرات كتبي نمايندگان مجلس به مسئولان اجرايي كشور
54,303,13,تذكرات شفاهي نمايندگان مجلس شوراي اسلامي
55,303,14,اعلام ختم جلسه و تاريخ تشكيل جلسه آينده
56,304,1,اعلام رسميت جلسه و قرائت دستور
57,304,2,تلاوت آياتي از قرآن مجيد
58,304,3,بيانات نايب‌رئيس محترم مجلس شوراي اسلامي به‌مناسبت فرارسيدن سال جديد و حادثه سيل و مشكلات ناشي از آن در مناطق سيل‌زده
59,304,4,تصويب اصلاحات كميسيون درخصوص طرح حداكثر استفاده از توان توليدي و خدماتي كشور و حمايت از كالاي ايراني (جهت تأمين نظر شوراي نگهبان)
60,304,5,تصويب اصلاحات كميسيون درخصوص لايحه حفاظت از خاك (جهت تأمين نظر شوراي نگهبان)
61,304,6,ناطقان جلسه آقايان: محمد خدابخشي، احد آزادي‌خواه، يحيي كمالي‌پور، قرجه طيار و مهرداد لاهوتي
62,304,7,گزارش تعدادي از نمايندگان استان‌هاي سيل‌زده درمورد وضعيت و مشكلات مناطق سيل‌زده و علل وقوع سيل
63,304,8,قرائت بيانيه نمايندگان مجلس شوراي اسلامي درخصوص تسليت به بازماندگان حادثه سيل و قدرداني از اقدامات دستگاه‌هاي اجرايي
64,304,9,قرائت بيانيه نمايندگان مجلس شوراي اسلامي درخصوص اعلام آمادگي جهت اقدام متقابل عليه آمريكا در حمايت از سپاه پاسداران انقلاب اسلامي
65,305,1,اعلام رسميت جلسه و قرائت دستور
66,305,2,تلاوت آياتي از قرآن مجيد
67,305,3,تصويب اصلاحات كميسيون درخصوص لايحه نحوه استفاده، نگهداري و نظارت بر پايانه فروشگاهي (صندوق مكانيزه فروش)، (جهت تأمين‌نظر شوراي نگهبان)
68,305,4,تصويب تقاضاي تحقيق و تفحص از عملكرد سازمان خصوصي‌سازي
69,305,5,تصويب كليات طرح اصلاح بند (5) ماده (6) قانون اجراي سياست‌هاي كلي اصل (44) قانون اساسي با اصلاحات و الحاقات بعدي آن و بحث و بررسي درخصوص موادي از آن
70,305,6,ناطقان جلسه آقايان: شمس‌الله شريعت‌نژاد، حسن سليماني، حسين نيازآذري، عباسعلي پوربافراني و شهاب نادري
71,305,7,انتخاب آقاي شهاب نادري به عنوان عضو ناظر بر اجراي ماده (37) قانون ماليات بر ارزش افزوده
72,305,8,تذكرات كتبي نمايندگان به مسئولان اجرايي كشور
73,305,9,تذكرات شفاهي نمايندگان مجلس شوراي اسلامي
74,305,10,اعلام وصول (2) فقره سؤال
75,305,11,اعلام ختم جلسه و تاريخ تشكيل جلسه آينده
76,306,1,اعلام رسميت جلسه و قرائت دستور
77,306,2,تلاوت آياتي از قرآن مجيد
78,306,3,بيانات رئيس محترم مجلس شوراي اسلامي به مناسبت ميلاد باسعادت حضرت امام حسين (عليه‌السلام) و روز پاسدار و محكوميت رفتار ننگين رژيم آمريكا در قراردادن نام سپاه پاسداران انقلاب اسلامي در فهرست گروه‌هاي تروريستي
79,306,4,بيانات نمايندگان فراكسيون‌هاي مجلس شوراي اسلامي درخصوص اقدام ننگين رژيم آمريكا در قراردادن نام سپاه پاسداران انقلاب اسلامي در فهرست گروه‌هاي تروريستي
80,306,5,تصويب طرح اصلاح بند (5) ماده (6) قانون اجراي سياست‌هاي كلي اصل (44) قانون اساسي با اصلاحات و الحاقات بعدي آن
81,306,6,تصويب تقاضاي تحقيق و تفحص از نحوه واگذاري شركت ماشين‌سازي تبريز و املاك مربوطه و همچنين شركت آذرچليك توسط سازمان خصوصي‌سازي
82,306,7,ادامه رسيدگي به طرح اصلاح موادي از قانون انتخابات مجلس شوراي اسلامي
83,306,8,قرائت نامه نمايندگان مجلس شوراي اسلامي به مقام معظم رهبري (مدظله‌العالي) درخصوص تعهد به جبران نقصان و أخذ تصميمات قانوني در خور شأن ايران اسلامي درخصوص اقدامات دولت آمريكا عليه جمهوري اسلامي ايران
84,306,9,قرائت بيانيه نمايندگان اقليت‌هاي مذهبي در مجلس شوراي اسلامي درخصوص حمايت از سپاه پاسداران انقلاب اسلامي
85,306,10,اعلام ختم جلسه و تاريخ تشكيل جلسه آينده
86,307,1,اعلام رسميت جلسه و قرائت دستور
87,307,2,تلاوت آياتي از قرآن مجيد
88,307,3,اعلام وصول طرح تقويت جايگاه سپاه پاسداران انقلاب اسلامي در برابر آمريكا با قيد دوفوريت و تصويب فوريت آن
89,307,4,ادامه رسيدگي به طرح اصلاح موادي از قانون انتخابات مجلس شوراي اسلامي
90,307,5,ناطقان جلسه آقايان: حسين اميري‌خامكاني، حميدرضا فولادگر، محمدمهدي مفتح، احمد مرادي و بهمن طاهرخاني
91,307,6,بيانات نايب‌رئيس مجلس شوراي اسلامي به‌مناسبت سالروز شهادت شهيد سپهبد علي صيادشيرازي
92,307,7,تذكرات كتبي نمايندگان مجلس به مسئولان اجرايي‌كشور
93,307,8,تذكرات شفاهي نمايندگان مجلس شوراي اسلامي
94,307,9,تسليت نايب‌رئيس مجلس شوراي اسلامي به مناسبت درگذشت حجت‌الاسلام والمسلمين عبدالله حاجيان نماينده ادوار
95,307,10,قرائت نامه سردار سرلشكر پاسدار محمد باقري رئيس ستاد كل نيروهاي مسلح درخصوص تقدير از اقدام انقلابي نمايندگان مجلس شوراي اسلامي در حمايت از سپاه پاسداران انقلاب اسلامي
96,307,11,اعلام ختم جلسه و تاريخ تشكيل جلسه آينده
97,308,1,اعلام رسميت جلسه و قرائت دستور
98,308,2,تلاوت آياتي از قرآن مجيد
99,308,3,بررسي موضوع بارندگي‌ها و سيل‌هاي اخير كشور با حضور مسئولين ذي‌ربط
100,308,4,تذكرات كتبي نمايندگان به مسئولان اجرايي كشور
101,308,5,تذكرات شفاهي نمايندگان مجلس شوراي اسلامي
102,308,6,اعلام ختم جلسه و تاريخ تشكيل جلسه آينده
103,309,1,اعلام رسميت جلسه و قرائت دستور
104,309,2,تلاوت آياتي از قرآن مجيد
105,309,3,ادامه رسيدگي به طرح اصلاح موادي از قانون انتخابات مجلس شوراي اسلامي
106,310,1,اعلام رسميت جلسه و قرائت دستور
107,310,2,تلاوت آياتي از قرآن مجيد
108,310,3,ادامه رسيدگي به طرح اصلاح موادي از قانون انتخابات مجلس شوراي اسلامي (ثبت 490)
109,310,4,قرائت گزارش كميسيون انرژي در مورد تخلفات مرتبط با شركت پالايش نفت كرمانشاه و ارجاع آن به قوه قضائيه
110,310,5,رد كليات طرح اصلاح قانون نحوه پيگيري تحقق سياست‌هاي كلي اقتصاد مقاومتي (ثبت 410)
111,310,6,گزارش نهايي كميسيون صنايع و معادن درمورد تحقيق و تفحص از عملكرد وزارت صنعت، معدن و تجارت درخصوص صدور مجوز واگذاري معادن و نظارت بر برداشت از منابع معدني  و ارجاع آن به قوه قضائيه
112,310,7,قرائت بيانيه نمايندگان مجلس شوراي اسلامي درخصوص تقدير و تشكر از سربازان گمنام امام زمان (عجل‌الله تعالي فرجه‌الشريف) در آستانه ميلاد با سعادت آن حضرت
113,310,8,قرائت نامه نمايندگان مجلس شوراي اسلامي به رئيس‌جمهور محترم درخصوص لزوم اجراي دستورالعمل شوراي هماهنگي و گسترش فعاليت قرآني استان‌ها
114,310,9,اعلام وصول (1) فقره طرح
115,310,10,تذكرات كتبي نمايندگان به مسئولان اجرايي كشور
116,310,11,تذكرات شفاهي نمايندگان مجلس شوراي اسلامي
117,310,12,اعلام ختم جلسه و تاريخ تشكيل جلسه آينده
118,311,1, اعلام رسميت جلسه و قرائت دستور
119,311,2,تلاوت آياتي از قرآن مجيد
120,311,3,تصويب كليات طرح اقدام متقابل در برابر اعلام سپاه پاسداران انقلاب اسلامي به‌عنوان «سازمان تروريستي» توسط ايالات متحده آمريكا (ثبت 562)
121,311,4,طرح سؤال آقاي محمدحسين فرهنگي نماينده تبريز، آذرشهر و اسكو از آقاي منصور غلامي، وزير علوم، تحقيقات و فناوري
122,311,5,طرح سؤال آقاي محمدمهدي زاهدي نماينده كرمان و راور از آقاي منصور غلامي وزير علوم، تحقيقات و فناوري
123,311,6,ناطقان جلسه آقايان: مسعود رضايي، ولي‌الله نانواكناري، محمدمهدي افتخاري، رضا كريمي و محمد بيرانوندي
124,311,7,استرداد (1) فقره سؤال
125,311,8,اعلام وصول (2) فقره سؤال
126,311,9,اعلام ختم جلسه و تاريخ تشكيل جلسه آينده
127,312,1,اعلام رسميت جلسه و قرائت دستور
128,312,2,تلاوت آياتي از قرآن مجيد
129,312,3,ارجاع طرح اقدام متقابل در برابر اعلام سپاه پاسدران انقلاب اسلامي به عنوان «سازمان تروريستي» توسط ايالات متحده آمريكا به كميسيون مربوطه (ثبت 562)
130,312,4,ارجاع طرح اصلاح موادي از قانون انتخابات مجلس شوراي اسلامي به كميسيون مربوطه (ثبت 490)
131,312,5,بحث و بررسي درخصوص اصلاحات كميسيون در مورد لايحه مديريت بحران كشور (جهت تأمين نظر شوراي نگهبان)، (ثبت 90)
132,312,6,قرائت گزارش كميسيون اصل (90) قانون اساسي درخصوص عملكرد سازمان ميراث فرهنگي، صنايع دستي و گردشگري
133,312,7,انتخاب آقاي عباس گودرزي و خانم زهرا ساعي به عنوان اعضاء شوراي عالي ترويج و توسعه فرهنگ ايثار و شهادت
134,312,8,ناطقان جلسه خانم سكينه الماسي و آقايان: ابوالفضل حسن‌بيكي، ولي داداشي، محمد فيضي‌زنگير و نادر قاضي‌پور
135,312,9,تذكرات كتبي نمايندگان به مسئولان اجرايي كشور
136,312,10,تذكرات شفاهي نمايندگان مجلس شوراي اسلامي
137,312,11,اعلام ختم جلسه و تاريخ تشكيل جلسه آينده
138,312,12,ضميمه: الف ـ فهرست مصوبات               ب ـ گزارش كميسيون اصل (90) قانون اساسي درخصوص عملكرد سازمان ميراث فرهنگي، صنايع دستي و گردشگري
139,313,1,اعلام رسميت جلسه و قرائت دستور
140,313,2,تلاوت آياتي از قرآن مجيد
141,313,3,تصويب طرح اصلاح موادي از قانون انتخابات مجلس شوراي اسلامي (ثبت 490)
142,313,4,بحث و بررسي درخصوص طرح اقدام متقابل در برابر اعلام سپاه پاسداران انقلاب اسلامي به عنوان «سازمان تروريستي» توسط ايالات متحده آمريكا (ثبت 562)
143,313,5,قرائت بيانيه نمايندگان مجلس شوراي اسلامي درخصوص انتصاب سردار سرلشكر پاسدار حسين سلامي به فرماندهي كل سپاه پاسداران انقلاب اسلامي
144,313,6,قرائت بيانيه نمايندگان مجلس شوراي اسلامي درخصوص تقدير از برگزاري مسابقات بين‌المللي قرآن كريم
145,313,7,اعلام ختم جلسه و تاريخ تشكيل جلسه آينده
146,314,1,اعلام رسميت جلسه و قرائت دستور
147,314,2,تلاوت آياتي از قرآن مجيد
148,314,3,تصويب طرح اقدام متقابل در برابر اعلام سپاه پاسداران انقلاب اسلامي به‌عنوان «سازمان تروريستي» توسط ايالات متحده آمريكا (ثبت 562)
149,314,4,قرائت گزارش كميسيون اصل (90) قانون اساسي درمورد بررسي اقدامات دستگاه‌هاي مسئول درخصوص مصوبات هيأت محترم وزيران و قوانين مرتبط در زمينه مبارزه با آلودگي هوا
150,314,5,طرح سؤال آقاي هدايتاله خادمي نماينده ايذه و باغملك از آقاي بيژن نامدارزنگنه وزير نفت و نظر مجلس مبني بر قانع‌كننده بودن پاسخ وزير
151,314,6,طرح سؤال آقاي علي ساري نماينده اهواز، باوي، حميديه و كارون و هفت نفر از نمايندگان مجلس شوراي اسلامي از آقاي بيژن نامدارزنگنه وزير نفت
152,314,7,قرائت بيانيه نمايندگان مجلس شوراي اسلامي درخصوص تقدير و تشكر و حمايت همه‌جانبه از ارتش جمهوري اسلامي ايران
153,314,8,اعلام وصول (1) فقره سؤال
154,314,9,ناطقان جلسه آقايان: هادي شوشتري، محمدمهدي برومندي و محمد قمي و خانم‌ها: زهرا سعيدي‌مباركه و سيده‌حميده زرآبادي
155,314,10,تذكرات كتبي نمايندگان به مسئولان اجرايي كشور
156,314,11,تذكرات شفاهي نمايندگان مجلس شوراي اسلامي
157,314,12,اعلام ختم جلسه و تاريخ تشكيل جلسه آينده
158,316,1,اعلام رسميت جلسه و قرائت دستور
159,316,2,تلاوت آياتي از قرآن مجيد
160,316,3,ادامه رسيدگي به طرح حمايت از مرمت و احياي بافت‌هاي تاريخي ـ فرهنگي (ثبت314)
161,316,4,اعلام وصول (2) فقره سؤال
162,316,5,ناطقان جلسه آقايان: امير خجسته، حبيب‌اله نيكزادي‌پناه، سيدحسين نقوي‌حسيني و خانم‌ها: سهيلا جلودارزاده و زهرا سعيدي‌مباركه
163,316,6,تذكرات كتبي نمايندگان به مسئولان اجرايي كشور
164,316,7,اعلام ختم جلسه و تاريخ تشكيل جلسه آينده
165,316,8,ضميمه: الف ـ فهرست مصوبات                                   ب ـ فهرست سؤال‌هاي اعلام وصول شده
166,321,1,اعلام رسميت جلسه و قرائت دستور
167,321,2,تلاوت آياتي از قرآن مجيد
168,321,3,تصويب لايحه موافقتنامه تشويق و حمايت متقابل از سرمايه‌گذاري بين جمهوري اسلامي ايران و دوك‌نشين اعظم لوكزامبورگ (ثبت 283)
169,321,4,قرائت گزارش كميسيون ويژه حمايت از توليد ملي و نظارت بر اجراي اصل (44) قانون اساسي درخصوص نحوه اجراي قانون رفع موانع توليد رقابت‌پذير و ارتقاي نظام مالي كشور در حوزه بازارهاي مالي
170,321,5,تصويب لايحه معافيت وزارتخانه‌ها و مؤسسات دولتي از پرداخت هزينه‌هاي ثبتي (ثبت 160)
171,321,6,قرائت گزارش كميسيون ويژه حمايت از توليد ملي و نظارت بر اجراي اصل (44) قانون اساسي درخصوص نقض قانون و مقررات مربوط به واگذاري شركت آلومينيوم المهدي و مجتمع هرمزال و ارجاع آن به قوه قضائيه
172,321,7,ناطقان جلسه آقايان: محمد حسيني، الياس حضرتي، همايون يوسفي، عين‌اله شريف‌پور و مصطفي كواكبيان
173,321,8,اعلام وصول (1) فقره لايحه
174,321,9,اعلام وصول (9) فقره سؤال
175,321,10,تذكرات كتبي نمايندگان به مسئولان اجرايي كشور
176,321,11,اعلام ختم جلسه و تاريخ تشكيل جلسه آينده
177,322,1,اعلام رسميت جلسه و قرائت دستور
178,322,2,تلاوت آياتي از قرآن مجيد
179,322,3,طرح سؤال خانم سيده‌فاطمه ذوالقدر نماينده تهران، ري، شميرانات، اسلامشهر و پرديس از آقاي سيدمحمد بطحايي وزير آموزش و پرورش و نظر مجلس مبني‌بر قانع‌كننده نبودن پاسخ وزير
180,322,4,طرح سؤال خانم هاجر چناراني نماينده نيشابور و فيروزه از آقاي سيدمحمد بطحايي وزير آموزش و پرورش
181,322,5,طرح سؤال آقاي علي وقفچي نماينده زنجان و طارم از آقاي سيدمحمد بطحايي وزير آموزش و پرورش و نظر مجلس مبني‌بر قانع‌كننده بودن پاسخ وزير
182,322,6,تذكرات شفاهي نمايندگان مجلس شوراي اسلامي
183,322,7,اعلام وصول (1) فقره طرح
184,322,8,اعلام ختم جلسه و تاريخ تشكيل جلسه آينده
185,323,1,اعلام رسميت جلسه و قرائت دستور
186,323,2,تلاوت آياتي از قرآن مجيد
187,323,3,تصويب اصلاحات كميسيون درمورد لايحه مديريت بحران كشور (جهت تأمين نظر شوراي نگهبان)،(ثبت90)
188,323,4,تصويب طرح حمايت از مرمت و احياي بافت‌هاي تاريخي ـ‌ فرهنگي (ثبت 314)
189,323,5,ادامه رسيدگي به طرح ساماندهي صنعت خودرو (ثبت 392)
190,323,6,رد تقاضاي مسكوت ماندن طرح ساماندهي صنعت خودرو (ثبت 392)
191,323,7,اعلام وصول (2) فقره لايحه
192,323,8,قرائت گزارش نهايي كميسيون صنايع و معادن در مورد تحقيق و تفحص از عملكرد شركت ملي صنايع مس ايران و ارجاع آن به قوه قضائيه
193,323,9,ناطقان جلسه آقايان: رضا انصاري، محمد خالدي‌سردشتي و عليرضا سليمي و خانم‌ها: فاطمه سعيدي و هاجر چناراني
194,323,10,اعلام وصول (2) فقره سؤال
195,323,11,تذكرات شفاهي نمايندگان مجلس شوراي اسلامي
196,323,12,اعلام ختم جلسه و تاريخ تشكيل جلسه آينده
197,324,1,اعلام رسميت جلسه و قرائت دستور
198,324,2,تلاوت آياتي از قرآن مجيد
199,324,3,ـ تصويب كليات طرح تشديد مجازات اسيدپاشي و حمايت از بزه‌ديدگان ناشي از آن و بحث و بررسي درخصوص جزئيات آن (ثبت 379)
200,324,4,ـ اعلام وصول طرح تعويق كنكور سراسري به مدت حداقل دو ماه با قيد دوفوريت و رد فوريت آن (ثبت 574)
201,324,5,اعلام وصول (1) فقره سؤال
202,324,6,ـ ناطقان جلسه خانم هاجر چناراني و آقايان: قاسم ساعدي، علي ابراهيمي، محمدرضا صباغيان‌بافقي و سيدمهدي مقدسي
203,324,7,ـ تذكرات كتبي نمايندگان به مسئولان اجرايي كشور
204,324,8,ـ تذكرات شفاهي نمايندگان مجلس شوراي اسلامي
205,324,9,اعلام ختم جلسه و تاريخ تشكيل جلسه آينده
206,325,1,اعلام رسميت جلسه و قرائت دستور
207,325,2,تلاوت آياتي از قرآن مجيد
208,325,3,تبريك نايب‌رئيس مجلس شوراي اسلامي به مناسبت ولادت حضرت امام حسن‌مجتبي (عليه السلام)
209,325,4,ادامه رسيدگي به طرح تشديد مجازات اسيدپاشي و حمايت از بزه‌ديدگان ناشي از آن (ثبت 379)
210,325,5,اعلام وصول لايحه الحاق يك تبصره به ماده (6) قانون مبارزه با پولشويي با قيد دوفوريت و تصويب يك‌فوريت آن (ثبت 575)
211,325,6,طرح سؤال‌هاي آقاي جليل رحيمي‌جهان‌آبادي نماينده تربت‌جام، تايباد و باخرز و تعدادي از نمايندگان مجلس از آقاي عبدالرضا رحماني‌فضلي وزير كشور
212,325,7,طرح سؤال آقاي وليالله نانواكناري نماينده بابلسر و فريدون‌كنار و تعدادي از نمايندگان مجلس از آقاي عبدالرضا رحماني‌فضلي وزير كشور
213,325,8,ناطقان جلسه آقايان: غلامرضا كاتب، مهرداد لاهوتي، اصغر مسعودي، عبدالحميد خدري و همايون يوسفي
214,325,9,اعلام ختم جلسه و تاريخ تشكيل جلسه آينده
215,326,1,اعلام رسميت جلسه و قرائت دستور
216,326,2,تلاوت آياتي از قرآن مجيد
217,326,3,ادامه رسيدگي به طرح تشديد مجازات اسيدپاشي و حمايت از بزه‌ديدگان ناشي از آن (ثبت 379)
218,326,4,قرائت گزارش كميسيون اصل (90) قانون اساسي درخصوص گزارش كميسيون انرژي پيرامون حادثه آتش‌سوزي پتروشيمي بوعلي‌سيناي ماهشهر
219,326,5,رد طرح جامع مديريت شهري و روستايي (ثبت 239)
220,326,6,اعلام وصول (4) فقره سؤال
221,326,7,تذكرات كتبي نمايندگان به مسئولان اجرايي كشور
222,326,8,تذكرات شفاهي نمايندگان مجلس شوراي اسلامي
223,326,9,اعلام ختم جلسه و تاريخ تشكيل جلسه آينده
224,327,1,اعلام رسميت جلسه و قرائت دستور
225,327,2,تلاوت آياتي از قرآن مجيد
226,327,3,سخنراني سردار سرلشكر پاسدار غلامعلي رشيد فرمانده قرارگاه مركزي خاتم‌الانبياء به مناسبت سوم خرداد روز آزاد‌سازي خرمشهر و چهارم خرداد روز ملي مقاومت و پايداري مردم دزفول
227,327,4,ادامه رسيدگي به طرح ساماندهي صنعت خودرو و ارجاع آن به كميسيون مربوطه (ثبت 392)
228,327,5,تصويب اصلاحات كميسيون درخصوص طرح اصلاح بند (5) ماده (6) قانون اجراي سياست‌‌هاي كلي اصل (44) قانون اساسي با اصلاحات و الحاقات بعدي آن (جهت تأمين نظر شوراي نگهبان)، (ثبت 420)
229,327,6,تصويب اصلاحات كميسيون درخصوص لايحه حفاظت از خاك (جهت تأمين نظر شوراي نگهبان 3)، (ثبت 91)
230,327,7,قرائت گزارش كميسيون فرهنگي مبني بر عدم اجراي قانون حمايت از آمران به معروف و ناهيان از منكر و ارجاع آن به قوه قضائيه
231,327,8,بحث و بررسي درخصوص طرح اصلاح قانون تعيين محدوده حوزه‌هاي انتخاباتي مجلس شوراي اسلامي مصوب 30/1/1366 و اصلاحات و الحاقات بعدي آن (ثبت 217)
232,327,9,ناطقان جلسه آقايان: محمدباقر سعادت، حسين مقصودي،‌ حسن نوروزي، نصراله پژمانفر و حسينعلي شهرياري
233,327,10,تذكرات شفاهي نمايندگان مجلس شوراي اسلامي
234,327,11,اعلام ختم جلسه و تاريخ تشكيل جلسه آينده
235,328,1,اعلام رسميت جلسه و قرائت دستور
236,328,2,تلاوت آياتي از قرآن مجيد
237,328,3,انتخاب اعضاي هيأت‌رئيسه مجلس شوراي اسلامي (اجلاسيه چهارم)
238,328,4,رد طرح اصلاح قانون تعيين محدوده حوزه‌هاي انتخاباتي مجلس شوراي اسلامي مصوب 30/1/1366 و اصلاحات و الحاقات بعدي آن (ثبت 217)
239,328,5,ـ تصويب طرح اصلاح مواد (1) و (10) قانون نحوه فعاليت احزاب و گروه‌هاي سياسي (ثبت 390)
240,328,6,بيانات رئيس محترم مجلس شوراي اسلامي درخصوص برگزاري طرح معامله قرن و اهميت لزوم شركت در راهپيمايي روز قدس
241,328,7,انجام مراسم تحليف اعضاي هيأت‌رئيسه مجلس شوراي اسلامي
242,328,8,ناطقان جلسه آقايان: قلي اله‌قلي‌زاده، حسينعلي حاجي‌دليگاني، محمد كاظمي و خانم سكينه الماسي
243,328,9,اعلام وصول (3) فقره سؤال
244,328,10,تذكرات كتبي نمايندگان به مسئولان اجرايي كشور
245,328,11,تذكرات شفاهي نمايندگان مجلس شوراي اسلامي
246,328,12,قرائت بيانيه نمايندگان مجلس شوراي اسلامي درخصوص فرارسيدن روز جهاني قدس ودعوت براي شركت در راهپيمايي اين روز
247,328,13,قرائت بيانيه نمايندگان مجلس شوراي اسلامي درخصوص حمايت از اقدامات سازمان انرژي اتمي جهت مقابله با تحريم‌ها
248,328,14,اعلام ختم جلسه و تاريخ تشكيل جلسه آينده
249,329,1,اعلام رسميت جلسه و قرائت دستور
250,329,2,تلاوت آياتي از قرآن مجيد
251,329,3,بيانات رئيس محترم مجلس شوراي اسلامي به مناسبت عيد سعيد فطر، راهپيمايي باشكوه مردم در روز قدس، مسئله مسكن و سخنان ناشيانه رئيس‌جمهور فرانسه و تقدير و تشكر از موضع‌گيري درست و سنجيده رئيس‌جمهور عراق و دولت سوريه در كنفرانس عربستان
252,329,4,تسليت رئيس محترم مجلس شوراي اسلامي به آقاي اكبر رنجبرزاده نماينده اسدآباد
253,329,5,گزارش مسئولين ذي‌ربط در مورد طرح ملي مسكن و بحث و بررسي درخصوص آن
254,329,6,تصويب طرح تشديد مجازات اسيدپاشي و حمايت از بزه‌ديدگان ناشي از آن (ثبت 379)
255,329,7,بحث و بررسي درخصوص لايحه موافقتنامه موقت تشكيل منطقه آزاد تجاري بين جمهوري اسلامي ايران و اتحاديه اقتصادي اوراسيا و كشورهاي عضو (ثبت 537)
256,329,8,ناطقان جلسه آقايان: سيدحسين افضلي، اسداله عباسي، عبدالحميد خدري، صديف بدري و سيدكمال‌الدين شهرياري
257,329,9,تذكرات كتبي نمايندگان به مسئولان اجرايي كشور
258,329,10,اعلام وصول (1) فقره لايحه
259,329,11,اعلام وصول (2) فقره طرح
260,329,12,اعلام ختم جلسه و تاريخ تشكيل جلسه آينده
261,330,1,اعلام رسميت جلسه و قرائت دستور
262,330,2,تلاوت آياتي از قرآن مجيد
263,330,3,تصويب لايحه  موافقتنامه موقت تشكيل منطقه آزاد تجاري بين جمهوري اسلامي ايران و اتحاديه اقتصادي اوراسيا و كشورهاي عضو (ثبت 537)
264,330,4,قرائت گزارش كميسيون امنيت ملي و سياست خارجي درخصوص عملكرد ايالات متحده آمريكا در حوزه حقوق بشر در سال 1397
265,330,5,تصويب لايحه موافقتنامه همكاري و كمك متقابل اداري در موضوعات گمركي بين گمرك جمهوري اسلامي ايران و اداره ‌كل گمرك جمهوري سوسياليستي ويتنام (ثبت304)
266,330,6,قرائت گزارش كميسيون ويژه حمايت از توليد ملي و نظارت بر اجراي اصل (44) قانون اساسي درخصوص عملكرد دولت در اجراي ماده (22) قانون برنامه ششم توسعه درباره بهبود وضعيت ايران در شاخص‌هاي محيط كسب و كار
267,330,7,اعلام وصول (1) فقره لايحه
268,330,8,اعلام وصول (4) فقره سؤال
269,330,9,ناطقان جلسه آقايان: رامين نورقليپور، علي‌محمد مرادي، احمد سالككاشاني، شكور پورحسين‌شقلان و خانم سيده‌فاطمه حسيني
270,330,10,تصويب كليات لايحه اصلاح بند (3) ماده (2) قانون ماليات‌هاي مستقيم با اصلاحات بعدي آن (ثبت266)
271,330,11,تذكرات كتبي نمايندگان به مسئولان اجرايي كشور
272,330,12,ـ تذكرات شفاهي نمايندگان مجلس شوراي اسلامي
273,330,13,قرائت نامه نمايندگان مجلس شوراي اسلامي به رئيس‌جمهور درخصوص اجراي صحيح تبصره (12) قانون بودجه سال 1398 كل كشور
274,330,14,اعلام ختم جلسه و تاريخ تشكيل جلسه آينده
275,331,1,اعلام رسميت جلسه و قرائت دستور
276,331,2,تلاوت آياتي از قرآن مجيد
277,331,3,تصويب لايحه اصلاح بند (3) ماده (2) قانون ماليات‌هاي مستقيم با اصلاحات بعدي آن (ثبت 266)
278,331,4,تصويب لايحه موافقتنامه تشويق و حمايت متقابل از سرمايه‌گذاري بين دولت جمهوري اسلامي ايران و دولت جمهوري عراق (ثبت 312)
279,331,5,تصويب كليات لايحه اهداف، وظايف و اختيارات وزارت ورزش و جوانان (ثبت 244)
280,331,6,تصويب تقاضاي تغيير دستور درخصوص طرح الحاق يك تبصره به ماده (182) قانون آيين‌نامه داخلي مجلس شوراي اسلامي (ثبت 447)
281,331,7,تذكرات كتبي نمايندگان به مسئولان اجرايي كشور
282,331,8,اعلام وصول (1) فقره لايحه
283,331,9,اعلام وصول (1) فقره طرح
284,331,10,اعلام وصول (2) فقره سؤال
285,331,11,تذكرات شفاهي نمايندگان مجلس شوراي اسلامي
286,331,12,اعلام ختم جلسه و تاريخ تشكيل جلسه آينده
287,332,1,اعلام رسميت جلسه و قرائت دستور
288,332,2,تلاوت آياتي از قرآن مجيد
289,332,3,ادامه رسيدگي به لايحه اهداف، وظايف و اختيارات وزارت ورزش و جوانان (ثبت 244)
290,332,4,تصويب كليات طرح الحاق يك تبصره به ماده (182) قانون آيين‌نامه داخلي مجلس شوراي اسلامي و ارجاع آن به كميسيون مربوطه (ثبت 447)
291,332,5,ناطقان جلسه آقايان: فرج¬الله رجبي، سيدمحمدجواد ابطحي، سيدكمال‌الدين شهرياري، محسن كوهكن‌ريزي و علي اسماعيلي
292,332,6,تذكرات كتبي نمايندگان مجلس به مسئولان اجرايي كشور
293,332,7,تذكرات شفاهي نمايندگان مجلس شوراي اسلامي
294,332,8,اعلام ختم جلسه و تاريخ تشكيل جلسه آينده
295,333,1,اعلام رسميت جلسه و قرائت دستور
296,333,2,تلاوت آياتي از قرآن مجيد
297,333,3,بيانات رئيس محترم مجلس شوراي اسلامي درخصوص سالروز شهادت شهداي حزب مؤتلفه اسلامي، تشكر از سخنان هوشمندانه و عزتمندانه رهبر معظم انقلاب اسلامي در ملاقات با نخست‌وزير ژاپن و اقدامات مشكوك در درياي عمان عليه نفتكش‌ها
298,333,4,قرائت گزارش معاون نظارت مجلس در مورد اقدامات نظارتي مجلس شوراي اسلامي در اجلاسيه سوم دوره دهم
299,333,5,ادامه رسيدگي به لايحه اهداف،‌ وظايف و اختيارات وزارت ورزش و جوانان (ثبت 244)
300,333,6,اعلام وصول (1) فقره لايحه
301,333,7,اعلام وصول (1) فقره طرح
302,333,8,اعلام وصول (1) فقره سؤال
303,333,9,ناطقان جلسه آقايان: احمد مازني، بهروز بنيادي، هادي قوامي و احمد حمزه
304,333,10,تذكرات شفاهي نمايندگان مجلس شوراي اسلامي
305,333,11,اعلام ختم جلسه و تاريخ تشكيل جلسه آينده
306,334,1,اعلام رسميت جلسه و قرائت دستور
307,334,2,تلاوت آياتي از قرآن مجيد
308,334,3,تبريك رئيس محترم مجلس شوراي اسلامي به مناسبت پيروزي‌هاي تيم ملي واليبال در مسابقات جهاني
309,334,4,ادامه رسيدگي به لايحه اهداف، وظايف و اختيارات وزارت ورزش و جوانان (ثبت 244)
310,334,5,ناطقان جلسه آقايان: محمود بهمني، ضياءاله اعزازي‌ملكي، كورش كرم‌پورحقيقي‌ و شمس‌الله شريعت‌نژاد و خانم ناهيد تاج‌الدين
311,334,6,طرح سؤال آقاي بيت‌اله عبدالهي نماينده اهر و هريس و تعدادي از نمايندگان از آقاي محمدجواد آذري‌جهرمي وزير ارتباطات و فناوري اطلاعات
312,334,7,طرح سؤال آقاي محمود نگهبان‌سلامي نماينده خواف و رشتخوار از آقاي محمدجواد آذري‌جهرمي وزير ارتباطات و فناوري اطلاعات و نظر مجلس مبني بر قانع‌كننده نبودن پاسخ وزير
313,334,8,تذكرات كتبي نمايندگان مجلس به مسئولان اجرايي كشور
314,334,9,قرائت بيانيه نمايندگان مجلس شوراي اسلامي خطاب به رئيس‌جمهور محترم درخصوص لزوم عدم تشكيل وزارت بازرگاني، حفظ قانون تمركز و اعطاي مستقيم يارانه ارز ترجيحي به مردم
315,334,10,بيانيه نمايندگان مجلس شوراي اسلامي درخصوص تقدير از تيم ملي واليبال
316,334,11,اعلام ختم جلسه و تاريخ تشكيل جلسه آينده
317,335,1,اعلام رسميت جلسه و قرائت دستور
318,335,2,تلاوت آياتي از قرآن مجيد
319,335,3,ادامه رسيدگي به لايحه اهداف، وظايف و اختيارات وزارت ورزش و جوانان (ثبت 244)
320,335,4,تذكرات كتبي نمايندگان به مسئولان اجرايي كشور
321,335,5,تذكرات شفاهي نمايندگان مجلس شوراي اسلامي
322,335,6,اعلام ختم جلسه و تاريخ تشكيل جلسه آينده
323,336,1,اعلام رسميت جلسه و قرائت دستور
324,336,2,تلاوت آياتي از قرآن مجيد
325,336,3,تصويب طرح ساماندهي صنعت خودرو (ثبت 392)
326,336,4,تصويب اصلاحات كميسيون درخصوص طرح اصلاح بند (5) ماده (6) قانون اجراي سياست‌هاي كلي اصل (44) قانون اساسي با اصلاحات و الحاقات بعدي آن (جهت تأمين نظر شوراي نگهبان 2)، (ثبت 420)
327,336,5,تصويب لايحه عضويت دولت جمهوري اسلامي ايران در برنامه اندازه‌شناسي آسيا ـ اقيانوسيه (ثبت 306)
328,336,6,تصويب لايحه موافقتنامه بين دولت جمهوري اسلامي ايران و دولت جمهوري فنلاند درباره كمك و همكاري متقابل در امور گمركي (ثبت 313)
329,336,7,ناطقان جلسه آقايان: محمدرضا تابش، بهمن طاهرخاني، محمدرضا رضايي‌كوچي، بيت‌اله عبدالهي و سيدتقي كبيري
330,336,8,اعلام وصول (1) فقره سؤال
331,336,9,اعلام وصول (1) فقره لايحه
332,336,10,اعلام وصول (3) فقره طرح
333,336,11,قرائت گزارش كميسيون آموزش، تحقيقات و فناوري درخصوص حادثه واژگوني اتوبوس در دانشگاه آزاد اسلامي واحد علوم و تحقيقات تهران
334,336,12,تذكرات كتبي نمايندگان به مسئولان اجرايي كشور
335,336,13,قرائت بيانيه نمايندگان مجلس شوراي اسلامي درخصوص حمايت از مواضع مقتدرانه مقام معظم رهبري (مدظله‌العالي) در ملاقات با نخست‌وزير ژاپن
336,336,14,تذكرات شفاهي نمايندگان مجلس شوراي اسلامي
337,336,15,اعلام ختم جلسه و تاريخ تشكيل جلسه آينده
338,337,1,اعلام رسميت جلسه و قرائت دستور
339,337,2,تلاوت آياتي از قرآن مجيد
340,337,3,بيانات نايب‌رئيس محترم مجلس شوراي اسلامي به مناسبت هفته قوه قضائيه و تقدير از اقدامات سپاه پاسداران انقلاب اسلامي در سرنگوني پهپاد جاسوسي آمريكا
341,337,4,ادامه رسيدگي به گزارش كميسيون آموزش، تحقيقات و فناوري در مورد حادثه واژگوني اتوبوس در دانشگاه آزاد اسلامي واحد علوم‌ و تحقيقات تهران
342,337,5,تصويب اصلاحات كميسيون درخصوص طرح حمايت از مرمت و احياء بافتهاي تاريخي ـ فرهنگي (جهت تأمين نظر شوراي نگهبان)، (ثبت 314)
343,337,6,تصويب اصلاحات كميسيون درخصوص لايحه تمديد مدت اجراي آزمايشي قانون ارتقاي سلامت نظام اداري و مقابله با فساد (جهت تأمين نظر شوراي نگهبان)، (ثبت 388)
344,337,7,تصويب كليات طرح الحاق موادي به قانون اجراي اصل (49) قانون اساسي جمهوري اسلامي ايران و بحث و بررسي درخصوص مواد آن (ثبت 540)
345,337,8,ناطقان جلسه آقايان: نادر قاضي‌‌پور، سيداحسان قاضي‌زاده‌هاشمي، احمد بيگدلي، حبيب‌اله دهمرده و سيدجواد ساداتي‌نژاد
346,337,9,بحث و بررسي درخصوص طرح حمايت از توسعه صنايع پايين‌دستي نفت خام و ميعانات گازي با استفاده از سرمايه‌گذاري مردمي (ثبت 474)
347,337,10,اعلام وصول (2) فقره طرح
348,337,11,اعلام وصول (2) فقره سؤال
349,337,12,قرائت بيانيه نمايندگان مجلس درخصوص سوم خرداد ماه، سالروز آزادسازي خرمشهر و حمايت از سپاه پاسداران انقلاب اسلامي در سرنگوني پهپاد جاسوسي آمريكا
350,337,13,تذكرات كتبي نمايندگان مجلس به مسئولان اجرايي كشور
351,337,14,بيانات نايب‌رئيس محترم مجلس شوراي اسلامي به‌مناسبت روز اصناف
352,337,15,تذكرات شفاهي نمايندگان مجلس شوراي اسلامي
353,337,16,اعلام ختم جلسه و تاريخ تشكيل جلسه آينده
354,338,1,اعلام رسميت جلسه و قرائت دستور
355,338,2,تلاوت آياتي از قرآن مجيد
356,338,3,ادامه رسيدگي به طرح حمايت از توسعه صنايع پايين‌دستي نفت خام و ميعانات گازي با استفاده از سرمايه¬گذاري مردمي و ارجاع آن به كميسيون مربوطه
357,338,4,برگزاري انتخابات رئيس كميسيون اصل (90) قانون اساسي
358,338,5,ادامه رسيدگي به طرح الحاق موادي به قانون اجراي اصل (49) قانون اساسي جمهوري اسلامي ايران
359,338,6,اعلام وصول (1) فقره طرح
360,338,7,ناطقان جلسه آقايان: غلام‌محمد زارعي، سيدابوالفضل موسوي‌بيوكي، حميد گرمابي، ولي ملكي و احد آزادي‌خواه
361,338,8,انتخاب آقاي سيدمحمد حسيني به عنوان عضو هيأت سه‌نفره اجراي قانون اصلاح تبصره (4) ماده (95) قانون محاسبات عمومي كشور
362,338,9,انتخاب آقايان: رسول خضري، سيامك مره‌صدق و سيدمهدي فرشادان به عنوان عضو ناظر در شوراي عالي رفاه و تأمين‌اجتماعي
363,338,10,اعلام وصول طرح الحاق يك تبصره به ماده (206) آيين‌نامه داخلي مجلس شوراي اسلامي با قيد يك فوريت و تصويب فوريت آن
364,338,11,تصويب طرح الحاق يك تبصره به ماده (182) قانون آيين‌نامه داخلي مجلس شوراي اسلامي
365,338,12,تصويب لايحه موافقتنامه تشويق و حمايت متقابل از سرمايه‌گذاري بين دولت جمهوري اسلامي ايران و دولت مجارستان
366,338,13,تذكرات كتبي نمايندگان مجلس به مسئولان اجرايي كشور
367,338,14,تذكرات شفاهي نمايندگان مجلس شوراي اسلامي
368,338,15,اعلام ختم جلسه و تاريخ تشكيل جلسه آينده
369,339,1,اعلام رسميت جلسه و قرائت دستور
370,339,2,تلاوت آياتي از قرآن مجيد
371,339,3,تصويب لايحه حمايت قضائي و بيمه‌اي از مأموران يگان حفاظت دستگاه‌هاي اجرايي
372,339,4,طرح سؤال آقاي حسن نوروزي نماينده رباط‌كريم و بهارستان از آقاي عبدالرضا رحماني‌فضلي وزير كشور
373,339,5,طرح سؤال آقاي محمود شكري نماينده طوالش، رضوانشهر و ماسال از آقاي عبدالرضا رحماني‌فضلي وزير كشور
374,339,6,طرح سؤال آقاي حبيب‌اله دهمرده نماينده زابل، زهك، هيرمند، نيمروز و هامون از آقاي رضا رحماني وزير صنعت، معدن و تجارت
375,339,7,تصويب لايحه موافقتنامه تشويق و حمايت متقابل از سرمايه‌گذاري بين دولت جمهوري اسلامي ايران و دولت جمهوري چك
376,339,8,تذكرات كتبي نمايندگان به مسئولان اجرايي كشور
377,339,9,تذكرات شفاهي نمايندگان مجلس شوراي اسلامي
378,339,10,اعلام ختم جلسه و تاريخ تشكيل جلسه آينده
379,340,1,اعلام رسميت جلسه و قرائت دستور
380,340,2,تلاوت آياتي از قرآن مجيد
381,340,3,ادامه رسيدگي به طرح الحاق موادي به قانون اجراي اصل (49) قانون اساسي جمهوري اسلامي ايران
382,340,4,رد تقاضاي مسكوت ماندن طرح الحاق موادي به قانون اجراي اصل (49) قانون اساسي جمهوري اسلامي ايران به مدت چهار ماه
383,340,5,اعلام وصول (3) فقره سؤال
384,340,6,اعلام وصول (10) فقره طرح
385,340,7,ناطقان جلسه آقايان: عبدالغفور ايران‌نژاد، فرهاد فلاحتي، محمدرضا عارف، جهانبخش محبي‌نيا و خانم سيده‌فاطمه ذوالقدر
386,340,8,تذكرات كتبي نمايندگان به مسئولان اجرايي كشور
387,340,9,تذكرات شفاهي نمايندگان مجلس شوراي اسلامي
388,340,10,اعلام ختم جلسه و تاريخ تشكيل جلسه آينده
389,341,1,اعلام رسميت جلسه و قرائت دستور
390,341,2,تلاوت آياتي از قرآن مجيد
391,341,3,تبريك رئيس محترم مجلس شوراي اسلامي به مناسبت فرارسيدن ميلاد باسعادت حضرت علي بن موسي‌الرضا (عليه آلاف التحيه والثناء)
392,341,4,تسليت رئيس محترم مجلس شوراي اسلامي به‌مناسبت درگذشت آقاي مرتضي صفاري‌نطنزي نماينده نطنز و بخش قمصر، همچنين تسليت به آقايان: سيدكاظم دلخوش اباتري نماينده صومعه‌سرا، شهرام كوسه‌غراوي نماينده مينودشت و محمد حسيني نماينده تفرش و آشتيان
393,341,5,ناطقان جلسه آقايان: عبدالرضا هاشم‌زائي، امير خجسته، شهروز برزگر و علي وقفچي و خانم سيده‌حميده زرآبادي
394,341,6,اعلام وصول (2) فقره لايحه
395,341,7,اعلام وصول (3) فقره طرح
396,341,8,تصويب طرح الحاق موادي به قانون اجراي اصل (49) قانون اساسي جمهوري اسلامي ايران (ثبت 540)
397,341,9,اعلام ختم جلسه و تاريخ تشكيل جلسه آينده
398,342,1,اعلام رسميت جلسه و قرائت دستور
399,342,2,تلاوت آياتي از قرآن مجيد
400,342,3,ادامه رسيدگي به طرح حمايت از توسعه صنايع پايين‌دستي نفت خام و ميعانات گازي با استفاده از سرمايه‌گذاري مردمي (ثبت 474)
401,342,4,اعلام وصول (1) فقره طرح
402,342,5,اعلام وصول (1) فقره سؤال
403,342,6,ناطقان جلسه آقايان: علي نوبخت‌حقيقي، حسن لطفي، محمد فيضي‌زنگير، حسن بهرام‌نيا و محمدرضا پورابراهيمي‌داوراني
404,342,7,انتخاب آقايان: ابوالفضل ابوترابي، اصغر سليمي، مصطفي كواكبيان و فرج‌الله رجبي به‌عنوان ناظر در شوراي ساماندهي مركز سياسي و اداري كشور و ساماندهي و تمركززدايي از تهران
405,342,8,ـ قرائت بيانيه نمايندگان مجلس شوراي اسلامي خطاب به رؤساي قوه قضاييه و مجلس شوراي اسلامي درخصوص عدم معرفي مقصران حادثه برخورد قطارهاي مسافربري در محور سمنان ـ دامغان
406,342,9,تذكرات كتبي نمايندگان به مسئولان اجرايي كشور
407,342,10,اعلام ختم جلسه و تاريخ تشكيل جلسه آينده
408,343,1,اعلام رسميت جلسه و قرائت دستور
409,343,2,تلاوت آياتي از قرآن مجيد
410,343,3,تصويب طرح حمايت از توسعه صنايع پايين‌دستي نفت خام و ميعانات گازي با استفاده از سرمايه‌گذاري مردمي (ثبت 474)
411,343,4,تصويب اصلاحات كميسيون درخصوص طرح تشكيل وزارت ميراث فرهنگي، گردشگري و صنايع دستي (جهت تأمين نظر شوراي نگهبان)، (ثبت 261)
412,343,5,تصويب اصلاحات كميسيون درخصوص لايحه اصلاح قانون تعيين تكليف تابعيت فرزندان حاصل از ازدواج زنان ايراني با مردان خارجي (جهت تأمين نظر شوراي نگهبان)، (ثبت 519)
413,343,6,تصويب اصلاحات كميسيون درخصوص طرح تعيين تكليف كارشناسان بيمه كشاورزي (جهت تأمين نظر شوراي نگهبان)، (ثبت 56)
414,343,7,بحث و بررسي درخصوص طرح اصلاح ماده (1041) قانون مدني اصلاحي مصوب 1/4/1381 و ارجاع آن به كميسيون مربوطه (ثبت 473)
415,343,8,تصويب لايحه موافقتنامه بين دولت جمهوري اسلامي ايران و دولت جمهوري خلق چين درخصوص همكاري در زمينه بهداشت و قرنطينه دامي (ثبت 302)
416,343,9,تصويب لايحه الحاق دولت جمهوري اسلامي ايران به كنوانسيون مشترك ايمني مديريت سوخت مصرف‌شده و ايمني مديريت پسماند پرتوزا (ثبت 337)
417,343,10,طرح سؤال آقاي ولي داداشي نماينده آستارا از آقاي منصور غلامي وزير علوم، تحقيقات و فناوري
418,343,11,قرائت بيانيه نمايندگان مجلس شوراي اسلامي درخصوص تقدير و تشكر از صدا و سيماي جمهوري اسلامي ايران درمورد ساخت مجموعه تلويزيوني گاندو
419,343,12,تذكرات كتبي نمايندگان به مسئولان اجرايي كشور
420,343,13,تذكرات شفاهي نمايندگان مجلس شوراي اسلامي
421,343,14,اعلام ختم جلسه و تاريخ تشكيل جلسه آينده
422,344,1,اعلام رسميت جلسه و قرائت دستور
423,344,2,تلاوت آياتي از قرآن مجيد
424,344,3,تصويب كليات لايحه كمك به ساماندهي پسماندهاي عادي با مشاركت بخش غيردولتي (ثبت 335)
425,344,4,انتخاب آقايان: محمد دهقاني‌نقندر، محمدحسن صادقي‌مقدم و هادي طحان‌نظيف به‌عنوان اعضاي حقوقدان شوراي نگهبان
426,344,5,اعلام وصول طرح الزام بانك‌ها و مؤسسات اعتباري غيربانكي به حذف سود و جريمه مضاعف از بدهي تسهيلات‌گيرندگان با قيد دوفوريت و تصويب فوريت آن (ثبت 598)
427,344,6,اعلام وصول لايحه اصلاح بند «الف» تبصره (11) ماده‌واحده قانون بودجه سال 1398 كل كشور با قيد دوفوريت و تصويب فوريت آن (ثبت 599)
428,344,7,اعلام وصول (5) فقره طرح
429,344,8,استرداد (4) فقره سؤال
430,344,9,تصويب تقاضاي تغيير دستور درخصوص طرح اصلاح موادي از قانون آيين¬نامه داخلي مجلس شوراي اسلامي (ثبت 434)
431,344,10,ناطقان جلسه آقايان: سيدفريد موسوي، سيدمصطفي ذوالقدر، محمد محمودي‌شاه‌نشين، محمدحسين فرهنگي و علي كرد
432,344,11,تذكرات كتبي نمايندگان به مسئولان اجرايي كشور
433,344,12,تذكرات شفاهي نمايندگان مجلس شوراي اسلامي
434,344,13,اعلام ختم جلسه و تاريخ تشكيل جلسه آينده
435,345,1,اعلام رسميت جلسه و قرائت دستور
436,345,2,تلاوت آياتي از قرآن مجيد
437,345,3,ادامه رسيدگي به لايحه كمك به ساماندهي پسماندهاي عادي با مشاركت بخش غيردولتي (ثبت 335)
438,345,4,تصويب كليات طرح اصلاح موادي از قانون آيين‌نامه داخلي مجلس شوراي اسلامي (ثبت 434)
439,345,5,اعلام وصول (4) فقره طرح
440,345,6,اعلام وصول (3) فقره سؤال
441,345,7,انتخاب آقاي داود محمدي (قزوين) به‌عنوان رئيس كميسيون اصل (90) قانون اساسي
442,345,8,ناطقان جلسه آقايان: عزيز اكبريان، محمدحسين فرهنگي، اردشير نوريان، احمد مازني و سيدمحمدباقر عبادي
443,345,9,تذكرات كتبي نمايندگان به مسئولان اجرايي كشور
444,345,10,تذكرات شفاهي نمايندگان مجلس شوراي اسلامي
445,345,11,قرائت بيانيه نمايندگان مجلس شوراي اسلامي در حمايت از اقدام هوشمندانه سپاه پاسداران انقلاب اسلامي در توقيف كشتي انگليسي
446,345,12,اعلام ختم جلسه و تاريخ تشكيل جلسه آينده
447,346,1,اعلام رسميت جلسه و قرائت دستور
448,346,2,تلاوت آياتي از قرآن مجيد
449,346,3,ادامه رسيدگي به لايحه كمك به ساماندهي پسماندهاي عادي با مشاركت بخش غيردولتي (ثبت 335)
450,346,4,تصويب لايحه الحاق يك بند به تبصره (11) قانون بودجه سال 1398 كل كشور (ثبت 599)
451,346,5,تصويب كليات طرح تسهيل تسويه بدهي بدهكاران غيرجاري شبكه بانكي كشور (ثبت 598)
452,346,6,ناطقان جلسه آقايان: عدل هاشمي‌پور، سيدحمزه اميني، هدايت‌اله خادمي، شادمهر كاظم‌زاده و سيدمصطفي ذوالقدر
453,346,7,قرائت نامه نمايندگان مجلس شوراي اسلامي خطاب به رئيس‌جمهور درخصوص اجراي بند «ه‍» تبصره (1) قانون بودجه سال 1398 كل كشور
454,346,8,تذكرات كتبي نمايندگان به مسئولان اجرايي كشور
455,346,9,اعلام ختم جلسه و تاريخ تشكيل جلسه آينده
456,347,1,اعلام رسميت جلسه و قرائت دستور
457,347,2,تلاوت آياتي از قرآن مجيد
458,347,3,ادامه رسيدگي به طرح تسهيل تسويه بدهي بدهكاران غيرجاري شبكه بانكي كشور (ثبت 598)
459,347,4,طرح سؤال آقاي حبيب‌اله نيكزادي‌پناه نماينده بم، ريگان، فهرج و نرماشير از آقاي رضا اردكانيان وزير نيرو
460,347,5,طرح سؤال آقاي شادمهر كاظم‌زاده نماينده دهلران، آبدانان و دره‌شهر از آقاي رضا اردكانيان وزير نيرو
461,347,6,اعلام وصول (1) فقره لايحه
462,347,7,اعلام وصول (1) فقره طرح
463,347,8,اعلام وصول (1) فقره سؤال
464,347,9,طرح سؤال آقاي عليرضا رحيمي نماينده تهران، شميرانات، ري، اسلامشهر و پرديس و تعداد ديگري از نمايندگان از آقاي اميرحاتمي وزير دفاع و پشتيباني نيروهاي مسلح
465,347,10,طرح سؤال آقاي سيدقاسم جاسمي نماينده كرمانشاه از آقاي امير حاتمي وزير دفاع و پشتيباني نيروهاي مسلح‌
466,347,11,اعلام ختم جلسه و تاريخ تشكيل جلسه آينده
467,348,1,اعلام رسميت جلسه و قرائت دستور
468,348,2,تلاوت آياتي از قرآن مجيد
469,348,3,تصويب طرح تسهيل تسويه بدهي بدهكاران غيرجاري شبكه بانكي كشور (ثبت598)
470,348,4,اعلام وصول (1) فقره طرح
471,348,5,ناطقان جلسه آقايان: سيدناصر موسوي‌لارگاني، محمدصادق حسني‌جوريابي، محمد بيرانوندي، بهمن طاهرخاني و مهرداد لاهوتي
472,348,6,تذكرات كتبي نمايندگان به مسئولان اجرايي كشور
473,348,7,تذكرات شفاهي نمايندگان مجلس شوراي اسلامي
474,348,8,قرائت نامه نمايندگان مجلس شوراي اسلامي خطاب به رئيس‌جمهور محترم درخصوص تسريع در ارائه لايحه مديريت شهري
475,348,9,قرائت بيانيه نمايندگان مجلس شوراي اسلامي درخصوص بزرگداشت هفته عفاف و حجاب
476,348,10,قرائت بيانيه نمايندگان مجلس شوراي اسلامي خطاب به مجامع بين‌المللي و مجلس و دولت نيجريه درخصوص آزادي شيخ ابراهيم زكزاكي
477,348,11,اعلام ختم جلسه و تاريخ تشكيل جلسه آينده
478,349,1,اعلام رسميت جلسه و قرائت دستور
479,349,2,تلاوت آياتي از قرآن مجيد
480,349,3,تسليت رئيس محترم مجلس شوراي اسلامي به آقاي همايون هاشمي نماينده مياندوآب، شاهين‌دژ و تكاب
481,349,4,تقدير و تشكر رئيس محترم مجلس شوراي اسلامي از وزارت اطلاعات درخصوص كشف شبكه جاسوسي آمريكا
482,349,5,ادامه رسيدگي به طرح اصلاح موادي از قانون آيين‌نامه داخلي مجلس شوراي اسلامي (ثبت 434)
483,349,6,اعلام وصول (1) فقره طرح
484,349,7,اعلام وصول (1) فقره سؤال
485,349,8,ناطقان جلسه آقايان: محمدحسين حسين‌زاده‌بحريني، حيدرعلي عابدي، سيدحسن حسيني‌شاهرودي، احمد صفري و عين‌اله شريف‌پور
486,349,9,انتخاب آقاي سيدمحمدجواد ابطحي به‌عنوان عضو در شوراي سياست‌گذاري، برنامه‌ريزي و نظارت مركزي مراكز آموزشي و پرورشي
487,349,10,قرائت بيانيه نمايندگان مجلس شوراي اسلامي درخصوص قدرداني و حمايت قاطع از اقدامات مؤثر ضدجاسوسي وزارت اطلاعات و جامعه اطلاعاتي كشور
488,349,11,قرائت بيانيه نمايندگان مجلس شوراي اسلامي درخصوص قدرداني از دست‌اندركاران و واليباليست‌هاي جوان كشور در كسب مقام قهرماني جهان
489,349,12,تذكرات كتبي نمايندگان مجلس به مسئولان اجرايي كشور
490,349,13,تذكرات شفاهي نمايندگان مجلس شوراي اسلامي
491,349,14,اعلام ختم جلسه و تاريخ تشكيل جلسه آينده
492,350,1,اعلام رسميت جلسه و قرائت دستور
493,350,2,تلاوت آياتي از قرآن مجيد
494,350,3,تصويب اصلاحات كميسيون درخصوص طرح الحاق يك تبصره به ماده (182) قانون آيين‌نامه داخلي مجلس شوراي اسلامي (جهت تأمين نظر شوراي نگهبان)، (ثبت 447)
495,350,4,ـ تصويب اصلاحات كميسيون درخصوص لايحه مديريت بحران كشور (جهت تأمين نظر شوراي نگهبان 2)، (ثبت 90)
496,350,5,ناطقان جلسه آقايان: محسن بيگلري، سيدمرتضي خاتمي، عليرضا محجوب، داود محمدي و احمد مرادي
497,350,6,اعلام وصول (1) فقره سؤال
498,350,7,تذكرات كتبي نمايندگان به مسئولان اجرايي كشور
499,350,8,تذكرات شفاهي نمايندگان مجلس شوراي اسلامي
500,350,9,اعلام ختم جلسه و تاريخ تشكيل جلسه آينده
501,351,1,اعلام رسميت جلسه و قرائت دستور
502,351,2,تلاوت آياتي از قرآن مجيد
503,351,3,طرح سؤال مشترك آقايان: مصطفي كواكبيان، عبدالكريم حسين‌زاده، محمدحسين قرباني نمايندگان تهران، ري، شميرانات، اسلامشهر و پرديس، نقده و اشنويه، آستانه‌اشرفيه و تعدادي از نمايندگان از آقاي محمدجواد ظريف وزير امور خارجه
504,351,4,طرح سؤال آقاي جهانبخش محبي‌نيا نماينده مياندوآب، شاهين‌دژ و تكاب از آقاي سيدعليرضا آوايي وزير دادگستري
505,351,5,طرح سؤال آقاي حسن كامران‌دستجردي نماينده اصفهان از آقاي سيدعليرضا آوايي وزير دادگستري و نظر مجلس مبني بر قانع‌كننده نبودن پاسخ وزير
506,351,6,ناطقان جلسه آقايان: علي‌محمد شاعري، يحيي كمالي‌پور، شادمهر كاظم‌زاده، حسينعلي حاجي‌دليگاني و عليرضا سليمي
507,351,7,اعلام ختم جلسه و تاريخ تشكيل جلسه آينده
508,352,1,اعلام رسميت جلسه و قرائت دستور
509,352,2,تلاوت آياتي از قرآن مجيد
510,352,3,تصويب اصلاحات كميسيون درخصوص طرح تسهيل تسويه بدهي بدهكاران غيرجاري شبكه بانكي كشور (جهت تأمين نظر شوراي نگهبان)، (ثبت 598)
511,352,4,اعلام وصول طرح اصلاح قانون حمايت از توليد و اشتغال پايدار در مناطق روستايي و عشايري با قيد يك‌فوريت و تصويب فوريت آن (ثبت 626)
512,352,5,رد كليات طرح راه‌اندازي و استفاده از پيام‌رسان‌هاي مالي و انعقاد پيمان‌هاي پولي دو و چندجانبه در تجارت خارجي (ثبت 428)
513,352,6,تصويب لايحه الحاق دولت جمهوري اسلامي ايران به موافقتنامه حمل و نقل بين‌المللي مواد غذايي فسادپذير و تجهيزات خاص كاربردي براي اين‌گونه جابجايي‌ها (مورخ يكم سپتامبر 1970 ميلادي برابر با دهم شهريور 1349 هجري‌شمسي)، (ثبت354)
514,352,7,تصويب طرح استفساريه ماده (36) قانون رفع موانع توليد رقابت‌پذير و ارتقاي نظام مالي كشور (ثبت 253)
515,352,8,تصويب لايحه تصويب تشريفات (پروتكل‌هاي) مربوط به اصلاح بند «الف» ماده (50) و ماده (56) كنوانسيون هواپيمايي كشوري بين‌المللي (ثبت 375)
516,352,9,اعلام وصول (1) فقره سؤال
517,352,10,اعلام وصول طرح افزايش كارآمدي دستگاه‌هاي فرهنگي و اجرايي در گسترش اخلاق عمومي با قيد يك فوريت و رد فوريت آن (ثبت 627)
518,352,11,ناطقان جلسه خانم زهرا ساعي و آقايان: غلامرضا تاج‌گردون، محمدرضا پورابراهيمي‌داوراني، سيدجواد حسيني‌كيا و سيدقاسم جاسمي
519,352,12,بيانيه نمايندگان مجلس شوراي اسلامي درخصوص تقدير و تشكر از كاركنان و فرمانده محترم نيروي انتظامي جمهوري اسلامي ايران درمورد اقدامات جهادي در حوزه عفاف و حجاب
520,352,13,بيانيه نمايندگان مجلس شوراي اسلامي درخصوص تقدير از عملكرد آقاي پرويز فتاح در كميته امداد حضرت امام خميني (رضوان‌الله تعالي عليه)
521,352,14,اعلام وصول (1) فقره طرح
522,352,15,تذكرات كتبي نمايندگان به مسئولان اجرايي كشور
523,352,16,تذكرات شفاهي نمايندگان مجلس شوراي اسلامي
524,352,17,تسليت نايب¬رئيس محترم مجلس شوراي اسلامي به آقاي محمد فيضي¬زنگير نمانيده اردبيل، نير، نمين و سرعين
525,352,18,اعلام ختم جلسه و تاريخ تشكيل جلسه آينده
526,353,1,اعلام رسميت جلسه و قرائت دستور
527,353,2,تلاوت آياتي از قرآن مجيد
528,353,3,بيانات رئيس محترم مجلس شوراي اسلامي به مناسبت ميلاد باسعادت حضرت امام هادي (عليه‌السلام)، ايام حج، عيد سعيد غدير، سالروز ورود آزادگان به ميهن اسلامي، سالروز جنگ (33) روزه مقاومت حزب‌الله و ايستادگي ملت ايران در مقابل سرقت دريايي انگليس
529,353,4,ادامه رسيدگي به طرح اصلاح موادي از قانون آيين‌نامه داخلي مجلس شوراي اسلامي
530,353,5,انتخاب آقاي جليل رحيمي‌جهان‌آبادي به عنوان عضو در ستاد مركزي مبارزه با قاچاق كالا و ارز
531,353,6,اعلام وصول تقاضاي رسيدگي به طرح اساسنامه شركت ملي گاز ايران طبق اصل (85) قانون اساسي
532,353,7,اعلام وصول (2) فقره طرح
533,353,8,اعلام وصول (3) فقره لايحه
534,353,9,استرداد يك فقره لايحه
535,353,10,استرداد يك فقره سؤال
536,353,11,اعلام وصول (3) فقره سؤال
537,353,12,طرح سؤال آقاي سيدعلي ادياني نماينده قائمشهر، سوادكوه، جويبار، سيمرغ و سوادكوه شمالي از آقاي عبدالرضا رحماني‌فضلي وزير كشور
538,353,13,ناطقان جلسه آقايان: علي ساري، داريوش اسمعيلي، اكبر تركي، غلامعلي جعفرزاده‌ايمن‌آبادي و احمد سالك‌كاشاني
539,353,14,تذكرات كتبي نمايندگان به مسئولان اجرايي كشور
540,353,15,اعلام ختم جلسه و تاريخ تشكيل جلسه آينده
541,354,1,اعلام رسميت جلسه و قرائت دستور
542,354,2,تلاوت آياتي از قرآن مجيد
543,354,3,تصويب اصلاحات كميسيون درخصوص لايحه موافقتنامه بين دولت جمهوري اسلامي ايران و كميسيون اقتصادي و اجتماعي آسيا و اقيانوسيه به نمايندگي از سازمان ملل متحد درباره تأسيس مركز آسيا و اقيانوسيه براي توسعه مديريت اطلاعات بلايا (جهت تأمين نظر شوراي نگهبان)
544,354,4,تصويب اصلاحات كميسيون درخصوص طرح ساماندهي صنعت خودرو (جهت تأمين نظر شوراي نگهبان)
545,354,5,قرائت گزارش كميسيون عمران در مورد نحوه تأمين و توزيع قير رايگان موضوع بند «ه‍» تبصره (1) قانون بودجه سال 1398 كل كشور و بحث و بررسي درخصوص آن
546,354,6,اعلام وصول (1) فقره سؤال
547,354,7,تصويب اصلاحات كميسيون درخصوص لايحه پايانه‌هاي فروشگاهي و سامانه مؤديان (جهت تأمين نظر شوراي نگهبان 2)
548,354,8,ناطقان جلسه خانم سيده‌فاطمه ذوالقدر و آقايان: عامر كعبي، محمد قمي، علي گلمرادي و سيدناصر موسوي‌لارگانی
549,354,9,بحث و بررسي درخصوص لايحه تجارت (جهت تأمين نظر شوراي نگهبان 2)
550,354,10,تذكرات كتبي نمايندگان مجلس به مسئولان اجرايي كشور
551,354,11,تذكرات شفاهي نمايندگان مجلس شوراي اسلامي
552,354,12,اعلام ختم جلسه و تاريخ تشكيل جلسه آينده
553,355,1,اعلام رسميت جلسه و قرائت دستور
554,355,2,تلاوت آياتي از قرآن مجيد
555,355,3,تسليت رئيس محترم مجلس شوراي اسلامي به آقاي احمد اناركي‌محمدي نماينده رفسنجان و انار و همچنين تسليت به مناسبت درگذشت آقاي همت بيگ‌مرادي نماينده دوره پنجم قصرشيرين، سرپل ذهاب و گيلانغرب
556,355,4,ادامه رسيدگي به لايحه تجارت (جهت تأمين نظر شوراي نگهبان 2)
557,355,5,اعلام وصول طرح اصلاح موادي از قانون آيين‌نامه داخلي مجلس شوراي اسلامي با قيد دوفوريت و رد فوريت آن
558,355,6,اعلام وصول (11) فقره سؤال
559,355,7,تسليت نايب‌رئيس مجلس شوراي اسلامي درخصوص درگذشت آقاي سيدسجاد حججي نماينده ادوار
560,355,8,ناطقان جلسه آقايان: حشمت‌اله فلاحت‌پيشه، علي اسماعيلي، علي جليلي، حسين مقصودي و مصطفي كواكبيان
561,355,9,تذكرات كتبي نمايندگان به مسئولان اجرايي كشور
562,355,10,تذكرات شفاهي نمايندگان مجلس شوراي اسلامي
563,355,11,اعلام ختم جلسه و تاريخ تشكيل جلسه آينده
564,356,1,اعلام رسميت جلسه و قرائت دستور
565,356,2,تلاوت آياتي از قرآن مجيد
566,356,3,ادامه رسيدگي به لايحه تجارت (جهت تأمين نظر شوراي نگهبان 2)
567,356,4,اعلام وصول (1) فقره لايحه
568,356,5,اعلام وصول (1) فقره طرح
569,356,6,ناطقان جلسه آقايان: سيدحمايت ميرزاده، سيدعلاءالدين خادم، قرجه طيار، امير خجسته و خانم سيده‌حميده‌ زرآبادي
570,356,7,تذكرات كتبي نمايندگان به مسئولان اجرايي كشور
571,356,8,تذكرات شفاهي نمايندگان مجلس شوراي اسلامي
572,356,9,اعلام ختم جلسه و تاريخ تشكيل جلسه آينده
573,357,1,اعلام رسميت جلسه و قرائت دستور
574,357,2,تلاوت آياتي از قرآن مجيد
575,357,3,ادامه رسيدگي به لايحه تجارت (جهت تأمين نظر شوراي نگهبان 2)
576,357,4,ناطقان جلسه آقايان: هادي قوامي، عليرضا ابراهيمي، نادر قاضي‌پور و احمد اناركي‌محمدي و خانم پروانه مافي
577,357,5,قرائت بيانيه نمايندگان مجلس شوراي اسلامي درخصوص حمايت از آقاي محمدجواد ظريف وزير امور خارجه و محكوميت تحريم ايشان از سوي آمريكا
578,357,6,اعلام وصول و قرائت نامه رئيس‌جمهور محترم درخصوص معرفي آقايان: محسن حاجي‌ميرزايي و علي‌اصغر مونسان به‌عنوان وزراي پيشنهادي وزارتخانه‌هاي آموزش و پرورش و ميراث فرهنگي، گردشگري و صنايع دستي
579,357,7,تذكرات كتبي نمايندگان به مسئولين اجرايي كشور
580,357,8,تذكرات شفاهي نمايندگان مجلس شوراي اسلامي
581,357,9,اعلام ختم جلسه و تاريخ تشكيل جلسه آينده
582,358,1,اعلام رسميت جلسه و قرائت دستور
583,358,2,تلاوت آياتي از قرآن مجيد
584,358,3,ادامه رسيدگي به لايحه تجارت (جهت تأمين نظر شوراي نگهبان 2)
585,358,4,ناطقان جلسه آقايان: سيدابوالفضل موسوي‌بيوكي، محمدجواد جمالي‌نوبندگاني، احمد اناركي‌محمدي و محمد محمودي‌شاه‌نشين و خانم طيبه سياوشي‌شاه‌عنايتي
586,358,5,قرائت بيانيه نمايندگان مجلس شوراي اسلامي درخصوص تقدير از وزارت دفاع و پشتيباني نيروهاي مسلح در زمينه طراحي و ساخت سامانه پدافندي باور 373
587,358,6,تذكرات كتبي نمايندگان به مسئولان اجرايي كشور
588,358,7,تذكرات شفاهي نمايندگان مجلس شوراي اسلامي
589,358,8,اعلام ختم جلسه و تاريخ تشكيل جلسه آينده
590,359,1,اعلام رسميت جلسه و قرائت دستور
591,359,2,تلاوت آياتي از قرآن مجيد
592,359,3,ادامه رسيدگي به لايحه تجارت (جهت تأمين نظر شوراي نگهبان 2)
593,359,4,ناطقان جلسه آقايان: جهانبخش محبي‌نيا، سيدمحسن علوي، علي گلمرادي، نصراله پژمانفر و خانم زهرا سعيدي‌مباركه
594,359,5,اعلام وصول (2) فقره طرح
595,359,6,اعلام وصول (1) فقره لايحه
596,359,7,تذكرات كتبي نمايندگان مجلس به مسئولان اجرايي كشور
597,359,8,تذكرات شفاهي نمايندگان مجلس شوراي اسلامي
598,359,9,اعلام ختم جلسه و تاريخ تشكيل جلسه آينده
599,360,1,اعلام رسميت جلسه و قرائت دستور
600,360,2,تلاوت آياتي از قرآن مجيد
601,360,3,ادامه رسيدگي به لايحه تجارت (جهت تأمين نظر شوراي نگهبان 2)
602,360,4,ارجاع طرح تسهيل تسويه بدهي بدهكاران غيرجاري شبكه بانكي كشور به مجمع تشخيص مصلحت نظام
603,360,5,تصويب طرح اصلاح موادي از قانون آيين‌نامه داخلي مجلس شوراي اسلامي
604,360,6,اعلام وصول (3) فقره طرح
605,360,7,ناطقان جلسه آقايان: جليل مختار، فريدون احمدي، قاسم احمدي‌لاشكي، رضا كريمي و محمد قمي
606,360,8,تصويب اصلاحات كميسيون درخصوص طرح تشديد مجازات اسيدپاشي و حمايت از بزه‌ديدگان ناشي از آن (جهت تأمين نظر شوراي نگهبان)
607,360,9,تصويب اصلاحات كميسيون درخصوص لايحه موافقتنامه بين دولت جمهوري اسلامي ايران و دولت جمهوري خلق چين درخصوص همكاري در زمينه بهداشت و قرنطينه دامي (جهت تأمين نظر شوراي نگهبان)
608,360,10,تذكرات كتبي نمايندگان به مسئولان اجرايي كشور
609,360,11,تذكرات شفاهي نمايندگان مجلس شوراي اسلامي
610,360,12,اعلام ختم جلسه و تاريخ تشكيل جلسه آينده
611,361,1,اعلام رسميت جلسه و قرائت دستور
612,361,2,تلاوت آياتي از قرآن مجيد
613,361,3,طرح سؤال آقاي منصور مرادي نماينده مريوان و سروآباد از آقاي فرهاد دژپسند وزير امور اقتصادي و دارايي و نظر مجلس مبني بر قانع‌كننده نبودن پاسخ وزير
614,361,4,طرح سؤال آقاي محمدرضا صباغيان‌بافقي نماينده مهريز، بافق، ابركوه، خاتم و بهاباد و (11) نفر از نمايندگان مجلس از آقاي فرهاد دژپسند وزير امور اقتصادي و دارايي و نظر مجلس مبني‌بر قانع كننده نبودن پاسخ وزير
615,361,5,طرح سؤال آقاي نصراله پژمانفر نماينده مشهد و كلات از آقاي محمدجواد آذري‌جهرمي وزير ارتباطات و فناوري اطلاعات و نظر مجلس مبني بر قانع كننده بودن پاسخ وزير
616,361,6,تصويب اصلاحات كميسيون درخصوص لايحه تأسيس صندوق بيمه همگاني حوادث طبيعي (جهت تأمين نظر شوراي نگهبان)، (ثبت 24)
617,361,7,قرائت گزارش كميسيون آموزش، تحقيقات و فناوري درخصوص پذيرش خارج از ظرفيت دانشجو در دانشگاه آزاد اسلامي
618,361,8,اعلام وصول (1) فقره طرح
619,361,9,ناطقان جلسه آقايان: عليرضا محجوب، سيدراضي نوري، يحيي كمالي‌پور و محمدرضا صباغيان‌بافقي
620,361,10,اعلام ختم جلسه و تاريخ تشكيل جلسه آينده
621,362,1,اعلام رسميت جلسه و قرائت دستور
622,362,2,تلاوت آياتي از قرآن مجيد
623,362,3,بررسي برنامه و صلاحيت آقايان: محسن حاجي‌ميرزايي و علي‌اصغر مونسان براي تصدي وزارتخانه‌هاي آموزش و پرورش و ميراث فرهنگي، صنايع دستي و گردشگري و رأي اعتماد مجلس به ايشان
624,362,4,اعلام وصول (1) فقره طرح
625,362,5,قرائت بيانيه نمايندگان مجلس شوراي اسلامي در خصوص تقدير و تشكر از مواضع اخير رئيس‌جمهور محترم در مورد عدم مذاكره با آمريكا
626,362,6,قرائت نامه نمايندگان مجلس شوراي اسلامي به رئيس‌جمهور محترم درخصوص تقدير از برگزاري نمايشگاه توانمندي‌هاي روستاييان و عشاير
627,362,7,تذكرات كتبي نمايندگان به مسئولان اجرايي كشور
628,362,8,تصويب تقاضاي تغيير دستور در خصوص طرح استفساريه بند «ه‍‌« تبصره (1) قانون بودجه سال 1398 كل كشور (ثبت 628)
629,362,9,تصويب طرح استفساريه بند «ه‍» تبصره (1) قانون بودجه سال 1398 كل كشور (ثبت 628)
630,362,10,قرائت نامه نمايندگان مجلس شوراي اسلامي به وزير كشور درخصوص تقدير از عملكرد آقاي سيدسلمان ساماني در دوران تصدي معاونت حقوقي و امور مجلس آن وزارتخانه
631,362,11,تذكرات شفاهي نمايندگان مجلس شوراي اسلامي
632,362,12,اعلام ختم جلسه و تاريخ تشكيل جلسه آينده
633,363,1,اعلام رسميت جلسه و قرائت دستور
634,363,2,تلاوت آياتي از قرآن مجيد
635,363,3,سخنراني سردار سرلشگر محمد باقري رئيس ستاد كل نيروهاي مسلح جمهوري اسلامي ايران به مناسبت هفته دفاع مقدس
636,363,4,بيانات رئيس محترم مجلس شوراي اسلامي به‌مناسبت آغاز سال تحصيلي جديد، سالگرد هفته دفاع مقدس، حمايت از اقدامات دولت در موضوع هسته‌اي و انتقاد از توهين به مجلس شوراي اسلامي و تضعيف جايگاه آن
637,363,5,تسليت رئيس محترم مجلس شوراي اسلامي به آقايان: محمدحسين حسين‌زاده‌بحريني و اسفنديار اختياري‌كسنويه‌يزد نمايندگان محترم مشهد و كلات و زرتشتيان و آقاي سعيد نمكي وزير بهداشت، درمان و آموزش پزشكي
638,363,6,ارجاع طرح اصلاح موادي از قانون انتخابات مجلس شوراي اسلامي به كميسيون مربوطه (جهت تأمين نظر شوراي نگهبان)، (ثبت 490)
639,363,7,تصويب اصلاحات كميسيون درخصوص طرح اصلاح مواد (1) و (10) قانون نحوه فعاليت احزاب و گروه‌هاي سياسي (جهت تأمين نظر شوراي نگهبان)، (ثبت 390)
640,363,8,تصويب اصلاحات كميسيون درخصوص طرح تعيين تكليف كارشناسان بيمه كشاورزي (جهت تأمين نظر شوراي نگهبان 2)، (ثبت 56)
641,363,9,تصويب اصلاحات كميسيون درخصوص لايحه الحاق دولت جمهوري اسلامي ايران به كنوانسيون مشترك ايمني مديريت سوخت مصرف‌شده و ايمني مديريت پسماند پرتوزا (جهت تأمين نظر شوراي نگهبان)، (ثبت 337)
642,363,10,تصويب اصلاحات كميسيون درخصوص لايحه اصلاح قانون تعيين تكليف تابعيت فرزندان حاصل از ازدواج زنان ايراني با مردان خارجي (جهت تأمين نظر شوراي نگهبان 2)، (ثبت 519)
643,363,11,رد طرح حذف بند «ح» ماده (37) قانون احكام دائمي برنامه‌هاي توسعه كشور (ثبت 339)
644,363,12,ناطقان جلسه آقايان: محمدرضا رضايي‌كوچي، جليل رحيمي‌جهان‌آبادي، محمدجواد كوليوند، شكور پورحسين‌شقلان و عبدالحميد خدري
645,363,13,اعلام وصول (1) فقره طرح
646,363,14,استرداد (3) فقره سؤال
647,363,15,اعلام وصول (3) فقره سؤال
648,363,16,تصويب طرح استفساريه تبصره (1) ماده (13) قانون جامع كنترل و مبارزه ملي با دخانيات (ثبت 367)
649,363,17,تذكرات كتبي نمايندگان به مسئولان اجرايي كشور
650,363,18,تذكرات شفاهي نمايندگان مجلس شوراي اسلامي
651,363,19,اعلام ختم جلسه و تاريخ تشكيل جلسه آينده
652,364,1,اعلام رسميت جلسه و قرائت دستور
653,364,2,تلاوت آياتي از قرآن مجيد
654,364,3,تسليت رئيس محترم مجلس شوراي اسلامي به مناسبت شهادت امام سجاد (عليه‌السلام)
655,364,4,تصويب طرح تشكيل وزارت بازرگاني (ثبت 549)
656,364,5,اعلام وصول (2) فقره طرح
657,364,6,ناطقان جلسه آقايان: قاسم ميرزائي‌نيكو، حميدرضا فولادگر، سعيد باستاني، محمود صادقي و مهرداد لاهوتي
658,364,7,تذكرات كتبي نمايندگان به مسئولان اجرايي كشور
659,364,8,تذكرات شفاهي نمايندگان مجلس شوراي اسلامي
660,364,9,اعلام ختم جلسه و تاريخ تشكيل جلسه آينده
661,365,1,اعلام رسميت جلسه و قرائت دستور
662,365,2,تلاوت آياتي از قرآن مجيد
663,365,3,بيانات رئيس محترم مجلس شوراي اسلامي درخصوص ابلاغ سياستهاي كلي قانونگذاري توسط مقام معظم رهبري
664,365,4,تصويب لايحه اهداف، وظايف و اختيارات وزارت ورزش و جوانان (ثبت 244)
665,365,5,بحث و بررسي درخصوص لايحه ماليات بر ارزش افزوده (ثبت 252)
666,365,6,اعلام وصول طرح شفافيت آراء نظام تقنيني با قيد يك فوريت و تصويب فوريت آن (ثبت 660)
667,365,7,اعلام وصول (3) فقره سؤال
668,365,8,استرداد (4) فقره سؤال
669,365,9,ناطقان جلسه آقايان: حيدرعلي عابدي،‌ سيدمهدي فرشادان، احمد مازني و خانم‌ها: سكينه الماسي و سيده‌فاطمه حسيني
670,365,10,تذكرات كتبي نمايندگان به مسئولان اجرايي كشور
671,365,11,اعلام ختم جلسه و تاريخ تشكيل جلسه آينده
672,366,1,اعلام رسميت جلسه و قرائت دستور
673,366,2,تلاوت آياتي از قرآن مجيد
674,366,3,ادامه رسيدگي به لايحه ماليات بر ارزش افزوده (ثبت 252)
675,366,4,اعلام وصول لايحه اصلاح قانون پولي و بانكي كشور با قيد يك‌فوريت و تصويب فوريت آن (ثبت 661)
676,366,5,ناطقان جلسه آقايان: غلامرضا شرفي، نورمحمد تربتي‌نژاد، غلامعلي جعفرزاده‌ايمن‌آبادي، فردين فرمند و سيدعلي ادياني
677,366,6,تذكرات شفاهي نمايندگان مجلس شوراي اسلامي
678,366,7,اعلام ختم جلسه و تاريخ تشكيل جلسه آينده
679,367,1,اعلام رسميت جلسه و قرائت دستور
680,367,2,تلاوت آياتي از قرآن مجيد
681,367,3,ادامه رسيدگي به لايحه ماليات بر ارزش افزوده
682,367,4,اعلام وصول (1) فقره سؤال
683,367,5,طرح سؤال آقاي سيدناصر موسوي‌لارگاني نماينده فلاورجان از آقاي رضا رحماني وزير صنعت، معدن و تجارت و نظر مجلس مبني بر قانع كننده بودن پاسخ وزير
684,367,6,طرح سؤال آقاي سيدفريد موسوي نماينده تهران، شميرانات، ري، اسلامشهر و پرديس از آقاي رضا رحماني وزير صنعت، معدن و تجارت
685,367,7,ناطقان جلسه آقايان: محمدباسط درازهي، مسعود رضايي، محمدنعيم اميني‌فرد، اكبر تركي و كورش كرم‌پورحقيقي
686,367,8,قرائت نامه نمايندگان مجلس شوراي اسلامي محضر مقام معظم رهبري (مدظله‌العالي) درخصوص اجراي سياست‌هاي كلي نظام قانونگذاري
687,367,9,اعلام ختم جلسه و تاريخ تشكيل جلسه آينده
688,368,1,اعلام رسميت جلسه و قرائت دستور
689,368,2,تلاوت آياتي از قرآن مجيد
690,368,3,ادامه رسيدگي به لايحه ماليات بر ارزش افزوده
691,368,4,ناطقان جلسه آقايان: رمضانعلي سبحاني‌فر، علي‌اكبر كريمي، سيدمحمدجواد ابطحي، عبداله رضيان و حسن بهرام‌نيا
692,368,5,تذكرات كتبي نمايندگان به مسئولين اجرايي كشور
693,368,6,تذكرات شفاهي نمايندگان مجلس شوراي اسلامي
694,368,7,اعلام ختم جلسه و تاريخ تشكيل جلسه آينده
695,369,1,اعلام رسميت جلسه و قرائت دستور
696,369,2,تلاوت آياتي از قرآن مجيد
697,369,3,بيانات رئيس محترم مجلس شوراي اسلامي به مناسبت سالروز شهادت حضرت امام حسن مجتبي (عليه ‌السلام)
698,369,4,ادامه رسيدگي به لايحه ماليات بر ارزش افزوده
699,369,5,ناطقان جلسه آقايان: احمد مرادي، احمد علي‌رضابيگي، هدايت‌اله خادمي، فرهاد تجري و يوسف داودي
700,369,6,اعلام وصول (5) فقره سؤال
701,369,7,تذكرات كتبي نمايندگان به مسئولين اجرايي كشور
702,369,8,طرح سؤال آقاي محمدعلي پورمختار نماينده بهار و كبودرآهنگ از آقاي محمدجواد ظريف وزير امور خارجه
703,369,9,طرح سؤال آقاي علي كرد نماينده خاش، ميرجاوه، بخش نصرت‌آباد و كورين از آقاي محمدجواد ظريف وزير امور خارجه
704,369,10,طرح سؤال آقاي جلال محمودزاده نماينده مهاباد از آقاي محمدجواد ظريف وزير امور خارجه
705,369,11,اعلام ختم جلسه و تاريخ تشكيل جلسه آينده
706,370,1,اعلام رسميت جلسه و قرائت دستور
707,370,2,تلاوت آياتي از قرآن مجيد
708,370,3,تبريك رئيس محترم مجلس شوراي اسلامي به مناسبت روز دامپزشكي
709,370,4,ادامه رسيدگي به لايحه ماليات بر ارزش افزوده
710,370,5,ناطقان جلسه آقايان: محمد فيضي‌زنگير، ابوالفضل حسن‌بيگي، علي‌محمد مرادي، جليل رحيمي‌جهان‌آبادي و عبدالرضا مصري
711,370,6,تذكرات كتبي نمايندگان به مسئولان اجرايي كشور
712,370,7,تذكرات شفاهي نمايندگان مجلس شوراي اسلامي
713,370,8,اعلام ختم جلسه و تاريخ تشكيل جلسه آينده
714,371,1,اعلام رسميت جلسه و قرائت دستور
715,371,2,تلاوت آياتي از قرآن مجيد
716,371,3,ناطقان جلسه آقايان: علي نجفي‌خوشرودي، علي اسدي‌كرم، محمدرضا تابش و حسينعلي حاجي‌دليگاني و خانم پروانه سلحشوري
717,371,4,اعلام وصول (1) فقره سؤال
718,371,5,تذكرات كتبي نمايندگان به مسئولان اجرايي كشور
719,371,6,اعلام ختم جلسه و تاريخ تشكيل جلسه آينده
720,372,1,اعلام رسميت جلسه و قرائت دستور
721,372,2,تلاوت آياتي از قرآن مجيد
722,372,3,ادامه رسيدگي به لايحه ماليات بر ارزش افزوده و ارجاع آن به كميسيون مربوطه (ثبت 252)
723,372,4,اعلام وصول (1) فقره سؤال
724,372,5,طرح سؤال خانم زهرا سعيدي‌مباركه نماينده مباركه و آقاي شهباز حسن‌پوربيگلري نماينده سيرجان از آقاي منصور غلامي وزير علوم، تحقيقات و فناوري
725,372,6,طرح سؤال آقاي محمود صادقي نماينده تهران، شميرانات،ري، اسلامشهر و پرديس از آقاي منصور غلامي وزير علوم، تحقيقات و فناوري
726,372,7,ناطقان جلسه آقايان: غلامرضا كاتب، عليرضا محجوب و خانم سيده‌حميده زرآبادي
727,372,8,اعلام ختم جلسه و تاريخ تشكيل جلسه آينده
728,373,1,اعلام رسميت جلسه و قرائت دستور
729,373,2,تلاوت آياتي از قرآن مجيد
730,373,3,ادامه رسيدگي به طرح تنظيم برخي از مقررات مالي، اداري و پشتيباني وزارت آموزش و پرورش (ثبت 164)
731,373,4,انتخاب يك نفر از نمايندگان هر استان به عنوان ناظر در شوراي نظارت بر مدارس و مراكز غيردولتي استانها
732,373,5,اعلام وصول (3) فقره سؤال
733,373,6,ناطقان جلسه آقايان: جلال ميرزائي، علي اكبري، حسن كامران‌دستجردي و محمد فيضي‌زنگير و خانم معصومه آقاپورعليشاهي
734,373,7,اعلام ختم جلسه و تاريخ تشكيل جلسه آينده
735,374,1,اعلام رسميت جلسه و قرائت دستور
736,374,2,تلاوت آياتي از قرآن مجيد
737,374,3, تصويب طرح تنظيم برخي از مقررات مالي، اداري و پشتيباني وزارت آموزش و پرورش (ثبت 164)
738,374,4,تصويب لايحه كمك به ساماندهي پسماندهاي عادي با مشاركت بخش غيردولتي (ثبت 335)
739,374,5,تصويب اصلاحات كميسيون درخصوص لايحه موافقتنامه تشويق و حمايت متقابل از سرمايه‌گذاري بين دولت جمهوري اسلامي ايران و دولت مجارستان (جهت تأمين نظر شوراي نگهبان)، (ثبت 373)
740,374,6,تصويب اصلاحات كميسيون درخصوص لايحه پايانه‌هاي فروشگاهي و سامانه مؤديان (جهت تأمين نظر شوراي نگهبان 3)، (ثبت 113)
741,374,7,تصويب اصلاحات كميسيون درخصوص طرح تشديد مجازات اسيدپاشي و حمايت از بزه‌ديدگان ناشي از آن (جهت تأمين نظر شوراي نگهبان 2)، (ثبت 379)
742,374,8,تصويب اصلاحات كميسيون درخصوص طرح استفساريه بند «ه‍» تبصره (1) قانون بودجه سال 1398 كل كشور (جهت تأمين نظر شوراي نگهبان)، (ثبت 628)
743,374,9,بحث و بررسي درخصوص لايحه الحاق يك تبصره به ماده (6) قانون مبارزه با پولشويي (ثبت 575)
744,374,10,ناطقان جلسه آقايان: محمدقسيم عثماني، سهراب گيلاني، احمد حمزه، جلال محمودزاده و اسد‌اله عباسي
745,374,11,تذكرات كتبي نمايندگان به مسئولان اجرايي كشور
746,374,12,تذكرات شفاهي نمايندگان به مسئولان اجرايي كشور
747,374,13,اعلام ختم جلسه و تاريخ تشكيل جلسه آينده
748,375,1,اعلام رسميت جلسه و قرائت دستور
749,375,2,تلاوت آياتي از قرآن مجيد
750,375,3,تصويب كليات لايحه الحاق يك تبصره به ماده (6) قانون مبارزه با پولشويي و ارجاع آن به كميسيون مربوطه (ثبت 575)
751,375,4,رد طرح الحاق يك تبصره به ماده (206) قانون آيين‌نامه داخلي مجلس شوراي اسلامي (ثبت 591)
752,375,5,تصويب كليات طرح اصلاح قانون تشكيلات و آيين دادرسي ديوان عدالت اداري و بحث و بررسي درخصوص مواد آن (ثبت 510)
753,375,6,ناطقان جلسه آقايان: هادي شوشتري، محمود نگهبان‌سلامي، عبدالكريم حسين‌زاده، سيدمهدي مقدسي و اصغر مسعودي
754,375,7,تذكرات كتبي نمايندگان به مسئولين اجرايي كشور
755,375,8,طرح سؤال خانم سميه محمودي نماينده شهرضا و دهاقان از آقاي عبدالرضا رحماني‌فضلي وزير كشور
756,375,9,قرائت بيانيه نمايندگان مجلس شوراي اسلامي در محكوميت حمله ارتش تركيه به سوريه
757,375,10,تذكرات شفاهي نمايندگان مجلس شوراي اسلامي
758,375,11,اعلام ختم جلسه و تاريخ تشكيل جلسه آينده
759,376,1,اعلام رسميت جلسه و قرائت دستور
760,376,2,تلاوت آياتي از قرآن مجيد
761,376,3,ادامه رسيدگي به طرح اصلاح قانون تشكيلات و آيين دادرسي ديوان عدالت اداري (ثبت 510)
762,376,4,استرداد (1) فقره سؤال
763,376,5,اعلام وصول (2) فقره سؤال
764,376,6,تذكرات شفاهي نمايندگان مجلس شوراي اسلامي
765,376,7,قرائت بيانيه نمايندگان مجلس شوراي اسلامي درخصوص تقدير از سازمان اطلاعات سپاه پاسداران انقلاب اسلامي در دستگيري سر‌شبكه ضدانقلابي آمد نيوز
766,376,8,تذكرات كتبي نمايندگان مجلس به مسئولان اجرايي كشور
767,376,9,اعلام ختم جلسه و تاريخ تشكيل جلسه آينده
768,377,1,اعلام رسميت جلسه و قرائت دستور
769,377,2,تلاوت آياتي از قرآن مجيد
770,377,3,بيانات رئيس محترم مجلس شوراي اسلامي درخصوص تبريك فرارسيدن ماه ربيع و سيزدهم آبان روز ملي مبارزه با استكبار جهاني
771,377,4,تسليت رئيس محترم مجلس شوراي اسلامي به آقاي محمدباقر سعادت نماينده دشتستان و خانم ناهيد تاج‌الدين نماينده اصفهان و تسليت به مناسبت درگذشت خانم اعظم طالقاني و آقاي حميدرضا خصوصي‌ثاني نمايندگان ادوار مجلس شوراي اسلامي
772,377,5,ارجاع طرح اصلاح قانون تشكيلات و آيين دادرسي ديوان عدالت اداري به كميسيون مربوطه (ثبت 510)
773,377,6,ادامه رسيدگي به گزارش كميسيون آموزش، تحقيقات و فناوري درخصوص پذيرش خارج از ظرفيت دانشجو در دانشگاه آزاد اسلامي
774,377,7,ارجاع طرح استفساريه تبصره (1) ماده (13) قانون جامع كنترل و مبارزه ملي با دخانيات به كميسيون مربوطه (جهت تأمين نظر شوراي نگهبان)، (ثبت 367)
775,377,8,تصويب اصلاحات كميسيون درخصوص لايحه تمديد مدت اجراي آزمايشي قانون ارتقاي سلامت نظام اداري و مقابله با فساد (جهت تأمين نظر شوراي نگهبان)، (ثبت 388)
776,377,9,تصويب كليات لايحه اصلاح مواد (1)، (7) و (30) قانون اجراي سياست‌هاي كلي اصل (44) قانون اساسي (ثبت 419)
777,377,10,اعلام وصول (5) فقره لايحه
778,377,11,اعلام وصول (3) فقره سؤال
779,377,12,ناطقان جلسه آقايان: رضا كريمي، سيداميرحسين قاضي‌زاده‌هاشمي، سيدجواد حسيني‌كيا و سيدناصر موسوي‌لارگاني و خانم معصومه آقاپورعليشاهي
780,377,13,اعلام وصول طرح تقليل مجازات حبس تعزيري با قيد دوفوريت و تصويب فوريت آن (ثبت 665)
781,377,14,تذكرات كتبي نمايندگان به مسئولان اجرايي كشور
782,377,15,اعلام ختم جلسه و تاريخ تشكيل جلسه آينده
783,378,1,اعلام رسميت جلسه و قرائت دستور
784,378,2,تلاوت آياتي از قرآن مجيد
785,378,3,طرح سؤال آقاي سيدمحمدجواد ابطحي نماينده خميني‌شهر از آقاي محمدجواد ظريف وزير امور خارجه
786,378,4,ادامه رسيدگي به لايحه اصلاح مواد (1)، (7) و (30) قانون اجراي سياست‌هاي كلي اصل (44) قانون اساسي
787,378,5,ناطقان جلسه آقايان: سيدصادق طباطبايي‌نژاد، قاسم ساعدي، بهروز بنيادي، قاسم احمدي‌لاشكي و هادي قوامي
788,378,6,تذكرات كتبي نمايندگان به مسئولان اجرايي كشور
789,378,7,تذكرات شفاهي نمايندگان مجلس شوراي اسلامي
790,378,8,اعلام ختم جلسه و تاريخ تشكيل جلسه آينده
791,379,1,اعلام رسميت جلسه و قرائت دستور
792,379,2,تلاوت آياتي از قرآن مجيد
793,379,3,تصويب طرح استفساريه بند (2) ماده (2) قانون ماليات‌هاي مستقيم
794,379,4,تصويب تقاضاي تغيير دستور درخصوص طرح الزام دولت به تعيين سرفصل «جنايات آمريكا» در كتب درسي مدارس و دانشگاه ها
795,379,5,تصويب كليات طرح الزام دولت به تعيين سرفصل «جنايات آمريكا» در كتب درسي مدارس و دانشگاه‌ها و ارجاع آن به كميسيون مربوطه
796,379,6,قرائت گزارش كميسيون اصل (90) قانون اساسي درخصوص بررسي علل و مصاديق تخلفات در حوزه اراضي و املاك از قبيل تغيير كاربري، تملك اراضي دولتي، ساخت و ساز غيرمجاز، تصرف و ساير بر مبناي پرونده‌هاي مطروحه در كميسيون
797,379,7,اعلام وصول (4) فقره طرح
798,379,8,اعلام وصول (1) فقره لايحه
799,379,9,ناطقان جلسه آقايان: حسين رضازاده، شهاب نادري، صديف بدري، غلامرضا كاتب و ابوالفضل حسن‌بيكي
800,379,10,اعلام ختم جلسه و تاريخ تشكيل جلسه آينده
801,380,1,اعلام رسميت جلسه و قرائت دستور
802,380,2,تلاوت آياتي از قرآن مجيد
803,380,3,تسليت نايب‌رئيس محترم مجلس شوراي اسلامي به مناسبت درگذشت آقاي علي ميرزايي نماينده ادوار
804,380,4,تصويب لايحه موافقتنامه سرويس‌هاي هوايي دوجانبه بين دولت جمهوري اسلامي ايران و دولت كشور كويت
805,380,5,رد تقاضاي سلب يك‌فوريت از دوفوريت طرح تقليل مجازات حبس تعزيري
806,380,6,تصويب كليات طرح تقليل مجازات حبس تعزيري
807,380,7,اعلام وصول (3) فقره سؤال
808,380,8,استرداد (1) فقره سؤال
809,380,9,طرح سؤال آقاي احمد مرادي نماينده بندرعباس، قشم، ابوموسي، حاجي‌آباد و خمير از آقاي محمود حجتي وزير جهادكشاورزي و نظر مجلس مبني بر قانع كننده نبودن پاسخ وزير
810,380,10,ناطقان جلسه آقايان: محمدرضا اميرحسنخاني، علي نوبخت‌حقيقي، حمدالله كريمي، حبيب‌اله دهمرده و عباسعلي پوربافراني
811,380,11,اعلام وصول تقاضاي استعفاي آقاي كاظم جلالي نماينده تهران، شميرانات، ري، اسلامشهر و پرديس
812,380,12,تذكرات كتبي نمايندگان مجلس به مسئولان اجرايي كشور
813,380,13,تذكرات شفاهي نمايندگان مجلس شوراي اسلامي
814,380,14,بيانيه نمايندگان مجلس شوراي اسلامي خطاب به رئيس‌جمهور محترم درخصوص اختصاص هفت‌دهم درصد از بودجه عمومي كشور به سازمان صدا و سيما
815,380,15,اعلام ختم جلسه و تاريخ تشكيل جلسه آينده
816,381,1,اعلام رسميت جلسه و قرائت دستور
817,381,2,تلاوت آياتي از قرآن مجيد
818,381,3,ارجاع طرح تقليل مجازات حبس تعزيري به كميسيون مربوطه
819,381,4,تصويب تقاضاي استعفاي آقاي كاظم جلالي نماينده تهران، شميرانات، ري، اسلامشهر و پرديس
820,381,5,ارجاع طرح تشكيل وزارت بازرگاني به كميسيون مربوطه (جهت تأمين نظر شوراي نگهبان)
821,381,6,بيانات رئيس محترم مجلس شوراي اسلامي درخصوص زلزله آذربايجان شرقي
822,381,7,ناطقان جلسه آقايان: فردين فرمند، سيدكاظم دلخوش‌اباتري، احمد سالك‌كاشاني، حسن نوروزي و حميدرضا فولادگر
823,381,8,تصويب تقاضاي دوفوريت درخصوص لايحه درآمد پايدار و هزينه شهرداري‌ها و دهياري‌ها
824,381,9,اعلام وصول طرح اصلاح ماده (44) قانون مديريت خدمات كشوري با قيد دوفوريت و تصويب يك‌فوريت آن
825,381,10,تذكرات كتبي نمايندگان به مسئولين اجرايي كشور
826,381,11,تذكرات شفاهي نمايندگان مجلس شوراي اسلامي
827,381,12,اعلام ختم جلسه و تاريخ تشكيل جلسه آينده
828,382,1,اعلام رسميت جلسه و قرائت دستور
829,382,2,تلاوت آياتي از قرآن مجيد
830,382,3,تصويب اصلاحات كميسيون درخصوص طرح اصلاح موادي از قانون آيين‌نامه داخلي مجلس شوراي اسلامي (جهت تأمين نظر شوراي نگهبان)
831,382,4,قرائت گزارش كميسيون آموزش، تحقيقات و فناوري درخصوص حادثه آتش‌سوزي مدرسه دخترانه در زاهدان
832,382,5,تصويب لايحه موافقتنامه چهارچوب تسهيل تجارت بدون كاغذ فرامرزي در آسيا و اقيانوسيه
833,382,6,اعلام وصول (1) فقره سؤال
834,382,7,اعلام وصول (2) فقره طرح
835,382,8,ناطقان جلسه آقايان: محسن كوهكن‌ريزي، محمداسماعيل سعيدي، سيدحسين نقوي‌حسيني، شادمهر كاظم‌زاده و محمدرضا بادامچي
836,382,9,تذكرات كتبي نمايندگان به مسئولين اجرايي كشور
837,382,10,تذكرات شفاهي نمايندگان مجلس شوراي اسلامي
838,382,11,اعلام ختم جلسه و تاريخ تشكيل جلسه آينده
839,383,1,اعلام رسميت جلسه و قرائت دستور
840,383,2,تلاوت آياتي از قرآن مجيد
841,383,3,رد طرح اصلاح بند «د» ماده (88) قانون برنامه پنجساله ششم توسعه اقتصادي، اجتماعي و فرهنگي جمهوري اسلامي ايران
842,383,4,تصويب تقاضاي تحقيق و تفحص از عملكرد شركت شهر فرودگاهي امام خميني (رحمه‌الله‌عليه)
843,383,5,تصويب تقاضاي تغيير دستور درخصوص طرح الحاق يك تبصره به ماده (5) قانون اجراي سياست‌هاي كلي اصل (44) قانون اساسي
844,383,6,تصويب لايحه موافقتنامه كشتيراني تجاري دريايي در درياي خزر بين دولت جمهوري اسلامي ايران و دولت جمهوري قزاقستان
845,383,7,رد تقاضاي رسيدگي به طرح اساسنامه شركت ملي گاز ايران طبق اصل (85) قانون اساسي
846,383,8,ناطقان جلسه آقايان: سيداحسن علوي، محمد حسن‌نژاد، سلمان خدادادي، يحيي كمالي‌پور و منصور مرادي
847,383,9,تذكرات كتبي نمايندگان به مسئولين اجرايي كشور
848,383,10,تذكر شفاهي نمايندگان مجلس شوراي اسلامي
849,383,11,اعلام ختم جلسه و تاريخ تشكيل جلسه آينده
850,384,1,اعلام رسميت جلسه و قرائت دستور
851,384,2,تلاوت آياتي از قرآن مجيد
852,384,3,تصويب لايحه عضويت دولت جمهوري اسلامي ايران در مؤسسه بين‌المللي تحليل سامانه‌هاي كاربردي
853,384,4,قرائت گزارش كميسيون ويژه حمايت از توليد ملي و نظارت بر اجراي اصل (44) قانون اساسي درخصوص آسيب‌شناسي، چالش‌ها و راهكارهاي رونق توليد در سال 1398
854,384,5,تصويب كليات طرح الحاق يك تبصره به ماده (5) قانون اجراي سياستهاي كلي اصل (44) قانون اساسي
855,384,6,بيانات نايب‌رئيس محترم مجلس شوراي اسلامي به مناسبت ولادت رسول اكرم (صلي‌الله‌عليه‌وآله‌وسلم) و امام جعفر‌صادق (عليه‌السلام) و هفته وحدت
856,384,7,ناطقان جلسه آقايان: علي بختيار، علي رستميان‌سبزه‌خاني، مهدي شيخ، علي گلمرادي و احمد مازني
857,384,8,بيانيه نمايندگان مجلس شوراي اسلامي به رئيس‌جمهور محترم درخصوص اعمال اولويت بومي در آزمون استخدامي
858,384,9,اعلام ختم جلسه و تاريخ تشكيل جلسه آينده
859,385,1,اعلام رسميت جلسه و قرائت دستور
860,385,2,تلاوت آياتي از قرآن مجيد
861,385,3,تصويب طرح الحاق يك تبصره به ماده (5) قانون اجراي سياست‌هاي كلي اصل (44) قانون اساسي
862,385,4,بحث و بررسي درخصوص لايحه درآمد پايدار و هزينه شهرداري‌ها و دهياري‌ها
863,385,5,ناطقان جلسه آقايان: حسين مقصودي، محمد دامادي، غلام‌محمد زارعي، عين‌اله شريف‌پور و سيدحميدرضا كاظمي
864,385,6,تسليت نايب‌رئيس محترم مجلس شوراي اسلامي به مناسبت درگذشت آقاي فريبرز انصاري نماينده ادوار
865,385,7,تذكرات كتبي نمايندگان مجلس به مسئولان اجرايي كشور
866,385,8,اعلام ختم جلسه و تاريخ تشكيل جلسه آينده
